ID;SITUACAO
83dcf7a50bdf554645f55112890c87a35c36cc346cac00097fb4e2975afc7d40;CA
ba72e4feca620f21b69d43c476199e7eb8936febb88965ffcc438ca5f04899e0;CA
a142dc5edb6982f11a8b69dc3a93b3dee92c8198036d89108641ceb08a43dee9;IP
8e4175cc9f096c45c3fb3f3a4543f872f6784092af8ede4c57cbcc77f1ab454c;CA
7b54ee095aa54fa47b2c2e14a83f04127ae0d00346b94a8e8cd6203b68f366ea;CA
849d276bed52c0760141934075f5821f6e661cb0bc18cf2e28212a8ace425768;IP
b9de4bf2dce229419fd96aa86a90fa911df23c9aef2b7c90e137759945f16a99;IP
08a62f2f06252c223f927639fa466b389111d58a6ab573fc09650a1736c98c8f;IP
26b75d097a73ad5f259b5ab854e2cd45802e4c212fe446a350d6191ac2245b72;CA
ec041f422a67c13cecef7204d522c05407df3b7904b50a741f16af1e2a9ae558;CA
d8e8d67430734adf42951b321e3528fb2a060891a96d995ceef7e899dcefbb1d;IP
4975168a01ba5797f3a8d7c61b2793fbc1bca071bcde549808c0f05faa0b9ca2;IP
f9bd5b2a5f2b9944efdc6c2f5261dd4040f01dfd0b3ceb3abb1d2e176ccb2880;IP
ed240f7682018dbd0009f8bcc57aec142d44f49a832b6e6e2afac47c9d803a00;IP
258e0ab7f027ce56105edb7113c454cfea150c9de399182ea5418622dab1993f;CA
e38239d41825078f36392ed699249fb0db443f034cdbae55a9d2723affe9f239;IP
6c8ed50c998946498799a9a2686e3b8f4c1cd437d993f32307c972ca493db28e;IP
4c542eeff90109578ca4705e99117bdb66f19b195c8cc0f636294bf2e8c43a33;CA
840c641a6b1dd818a8b91bf383a48fbdf047528441e6cc003ee85c6087f3fccb;IP
ff66b70e7fdb3d142b9c5ffa9eb97594291cf6756ffe58fd8267618a3b175d66;IP
4c1b6f124793f8ffa8e0074bc6c9eff1d4a42342beca9053d4f19ec58c358afa;IP
c52f997ded316fb40e3eee5402a41066f67dd184ff771cc5938f7cabeea9397e;IP
9bae8b0e988069c08ce602293770aba1b16822ddbfd9c80f2b54931155b2df31;CA
0b93c597ecbceb28229da8894102260f816f5317a9858532d7bb481457f094d3;IP
b376915404652beedd4fe02f4dbf6dbe33c1056c2b3937637f278b7738669a43;IP
153d79b4c55811faee227718af60fb4c081a2c991045d98c011875846ee266cd;IP
f3e56d1aff54d5f4350126368815c7b735ba33c02941bd32fcf1a99677a0d612;CA
e8adf900fbb332b63752a984ac470dad6f7b67f69e02b932b606dfe22e7f2947;IP
0fc25861acc8b214b41c35032684532cf633bfab873dfdb25e948b5749db135a;IP
e5ebbedacb43c8f62c9f276365450fc1a9621032fdda2c86b1ed3b89f4f950c2;IP
c05289d373cfd42c7ac57cd682d64732c244008dbc0d8e568c8fe70a462964bc;CA
e3e5831d648c73f2889ea188035ce77ead9bee702d22cb6fb5b17edfb292aaad;IP
061d8c42293bd991c5fb130470a17cdf896453a2f25c6f2e4e5d94be20fc9e0c;CA
50a58dc89b0fa3eb6357b88d040f54182bc6482834acb1b11f8342bdb1dfb923;IP
1ff050baa1a2bb81aebb464c7f9f001ae9543aae83b06f02bd109941e3a9d730;IP
105617cb89f77af0762ec18f1d658bc405b15ea4060136e293a02616baecbc4e;CA
516cd3a661e2926a88b6fdb27637a4b56d05487c12c1ab651a8de324c49e1727;IP
0f65449e8e952c0ad9db86b1f21347cd6a08fa57011457b90f09246b9f2b8d9d;IP
227fd01059dc6d538298f59c70aa5ae385e1114657004fa455a7bd159bd588a4;IP
725b2e1031d57a5eb49b5f201c11699457a5a3b7155caea83e3c1893d2a3cecf;CA
fd4a7e4ae3b4f8aeacbe58ef01ca921304ce6fe8b0ff74061bc404126141d951;IP
f26325673b1628a24bdbda9567ecbc46e0543e021580af68f12cdda5f9d309fa;IP
e5f0ec37aa29d6dbd3de64ecdf53ee3152882d5181c0a9288bd9233042531ed1;IP
a5178630c5e627fdc0bffcd28f279f5161d27b942e9ddc531200a6d1a272877d;IP
87476c2231f992cf97bbce0a817be23feb782884eee221b267e350cba2a5bf6d;IP
ebc826811ec5d85a89c1f055525cf902a397760594a74219c2edf13c1cc31b98;CA
3371f899bc34c810336b5888d3d2ab384b13768dc8ce850656c021b63405e036;IP
c0933712c41768bdebb8832e70224cf0550aa368a32e6ef544943e83ef3b8176;CA
b003248497426c403f35d48a4d389e44130c2ef31f312abd428e6e603f55baa5;CA
e13c68653d7360815f8535c92684f7b6535189c75db7430e641ed4afaf1a5404;IP
492e77cf4490bbe1113f1139143c14705e47065c004d9413cb6446ad7839abbd;CA
63ac8782694ceb86367c88961b0e75f9f85630806c2dba4dc2b59f68a2c6d7c8;CA
e243c6421533d37ba816d3afe9c60ffddf12c9e5bf7c1a911a0f0a789b8d8458;IP
01c4fbdfb648170cf28c374f22af82e3b4cd43186a909e79a2840ef45ba4991a;IP
df1dbd3362bc2ae43350bc4dc70256d19b3bdf7f09ae4a9fee419311fec40ed3;IP
08fb9fcc7ac451386abbe874ba79017af800b04764b4dc4f4b4d02a28a9f5c27;CA
ccee9ca28066d882ba38936e9fedc53f95ec15e646e5ae0cddbf094f0e424643;IP
6fd869f74cf11f4da0026304d38cd95dce41e7ebe36660642ba16e94cec5f132;CA
0b5e96f50e81f2024cf6d9a65c73c6d2bb0d678fa3ec5be732cbcb0f9d8cdc5d;CA
0f54e565bd5acdaa6e105462b7a4773ebd48dd92ae59742843116ff7e538bdd7;IP
c95b970179defac2ef70db2bb50d58a4d9de70b92f5544b0fa06f3a5fa40d593;IP
427e6d0fd4787d15670067c784b1fc6354ba2b6ba1be359b87f788d59bfc6f97;CA
798b77fe6473cc9e6ef630be363f018a87741e4d7a55236e3500095a7f396a02;CA
dc708e7a79a88ad9e4b47eed362a55a3ac440448a2a6f9e4e2282a8fdb171bc7;CA
d5b4b54b6d54ffcf1914d28338763eaf25d3854c9bc66c70e6afe0d3c4caf7b1;CA
167a8e3d63d1742cee19101c28eb743a5e07e99c26923a08d200a49f51910a4a;IP
db734f968ae94a5495af5863bb651a2c3f9692234d20a89d4f130dcd89b6e577;IP
46a94cb88ac0c45203038514df915233b7cf4ff2c161b4cca11d0102bf8eddec;IP
02720c2cf75c4bc9c58ebaadac3fd9f38e00776b96b3d433b16075c4d6fef96a;CA
8caededdfdda1ce1393f529926fe35f24fe4f6947d8c639ded12bd2e9132a2a5;IP
8a8ae28d7dde2a5cbd132f2e9eb54f987b5b1beff5421c1a63520a12975351d0;CA
8503a6f173e5cd31de91877c19912b1ce64f56586cd0d6eaab0e14b07cda2b18;CA
572df70836595bd15d8507e1f0ff96920a4a6301123b8aa1e6ab7e0d0e1150b9;CA
c2d6489eac7e14222f2df4bfca7d3f0ce1c38390e06fc498ea43766bc1052f83;CA
b6c9ed831caffbae2f1b37526ac90df512b4c29a05016cceda218b603bff2cf3;IP
6484a6ed432090f3c7cf763385422762405a030b0020e48da0785f1dd24dcb85;CA
40e6050c73e9d1af8a96dbfc5580d589690ce52c955db3eb93ae4f218cc6f1ff;IP
c9c83727b9b014bdea64497edbd2199a4031ce933af1cbc8e9833158205d798d;IP
9998db48f9c5f033cf929d6871e4f96ee009130542e40b0e33c407c545c084d1;IP
a97cc63b6d52cf1d6fe0c66644dbe385c541ded0387a6b0d7687fd7a6b2f7211;CA
efbd0d0f303e124944e639b13e53d042150c6b07fba14c2a69a1096e6a5a0deb;CA
a3c0b6dc4950767d39b47212bfa66ff2685a5a30a2864a61bb52b1e5c9236011;IP
136b63415243b5cc562204ca91d7fb2351e09642bafcb292112ebe47fd281054;CA
24ba422bdfd9a05c3dd8b958d66ed8b03fd5fc69205d97dfb628c368f699c862;CA
eca44eb2701f8f001d0ac06220197dfe5b4218dd54f6f16c964ef60d2ad95bce;IP
36fa513ed47c8494a23bf669bc9067202478055d9dc3f854c00e017de9ff6abc;CA
892b32707683042d8deee7ab498cebb4b06140093a7c1eefd8dd7c1e3cbfc544;IP
7364e4db67db1d0cffbf26048c8728de862870f2df870f45466dea3276c76636;CA
f73822005227d337d9951ed92d0b03c8c7c4f58bd143011390f89f14fcdd6cf9;IP
ad6c1e48128c9835a2f7e1412b366f71b4805bb7c4307ae30550a19c3d95226e;CA
a41f77de0d09491d1305d4d09513f0f199c50bc78c40a981915c438628258215;CA
705de9c051ebbcdf394692e37d52003cd83959f94138f359f76f34c29853ea45;IP
43402c07d6b4a6271a51c0c8701918cb02415a4aa3578ee3e6bea86edc3ac397;CA
d6133486c18709fb9261ceef93708cdb216f0dac15a88e8cb4d3ea15feaea01c;IP
32813dac9ee3bbee039fa61d78884a103244b436c640a0b06db4fed40f16b625;CA
a15a98d8ce91c733caebc1231f8afa28acec30d39998e01879d451c7d3b96dbe;IP
a65fbacde31a764d9b9ead55652b294f123259277d9b27c737ede4f7ce2977fe;CA
3a38debf24126c3078997d1234e3954199558d486f2c213feb64d90cb4e17af7;CA
bf2db89ce18ab2cfae6537041e6c42e463a02a263c53f861cfef8ac21d21ceac;CA
31d501e0b9091218d98b5b3359f3fdb9ede25bc4397a24a832556e96188f0002;CA
4ca26e0fb45dfe721da34ac4ee6c2751cedbd100fc008df41c5de420343f7153;CA
c5972257c24550db8487e2543c3b2089a3bf62fd5cb37afeaf78a977d02ce7af;CA
21e6cacda71d6ceabd85b8f93d4a13ba32cccf38c67925ec152e9c3631683dba;IP
b8223bc151f464e18c3c1690f09930e25ea3bb85e0fa3b8c8e037bf244fbc9dd;CA
16e9ab23203129185c1ee113ed4e00c3710259880e9b10878a36c62ff730b6b1;CA
486db0d390c170a1291a62fb8b4c450c9060167181204552527a3315d5d61bad;IP
627e696075323844d00effcb850ae86c702210e467dc45315b98de3f37939961;CA
1923315cff457206ea8e2a877c29169a2f95b92f91bb6167600c141c77052965;CA
050e108bebe0d5f5f328f5dfa1091e1b2938855a29c23f9c4360bd2a16c3a6bc;CA
1760591c42e943594cdda857a8d32023c7ce6c24befa8975149f3ce19a0c5ce6;CA
8983617c362d42a6ebea71177538805521aa67265f7e1547132bc90f3e5695eb;CA
9b64c6fd59fbf9862da03f323025fc6f9c6d21ed10bd0fc996ee1cc6b4034af2;CA
cec35b9a13b9359bd5508b56301913d1777f58ab01598260f4566c6355e27ac3;CA
7f055e3dea7206b5a57e7130db0dbdbccbc780195ef202e6eedbf344d7451bb4;CA
43ffd115498e08fb8377b2134e0dd7bccdea0c287e379182cd4ac031b2c1816d;CA
986c26a8253f15a0dfb01554e2cbe30c9d933c7c5bb0d38e6f34de1e3f6dc60d;CA
435be67bb7dae9ea4cf417e2f91e95136808a7d4a845ee24d463bc262f9268b1;CA
474fa96d0817469ba3226b339fe8c3dad9ac6d8ecdcff1a61052da7697aa540e;CA
832fce619dce65057768082fddfba61b9489edb7e3c5e64c338672016ea77e13;CA
114bf75731628b636273a9fac4342719a169e8a3690aac3e4c4fcbf8f8a07ef5;CA
578a322eefdde0d55c7dc82afc0b4a7126f7098091fc61d143cd822d52de74b8;CA
56fb4f8582b8c3b92e5cb48e692215f81dca2c514fd3a3dc86aa91c41a3eff3c;CA
3d31751efe5fce8b7859cd9370697483df7f846d653282160b542c56378c439a;CA
08e107fa30236913d8c71f1d4b3c3cb26c594915427058942975554d2e8222fd;CA
aa3c4ce85bc82806db8a7ec0feb41b9bf6f895d601f57e0ea2c43ef3cc2c2bec;IP
084851649de063acb50ae2759d77ab33057ddbdcb2aa1af5b2befe89da99f27d;IP
a4eef3b09135fdf39d1f939144dbfe8e0015983b8173a00488cae648f66a7402;IP
b733658ce35942667cb32766e7ca224e5fc8f8166266eca4f775fd625b4affa8;IP
dbd1e2fe3f1d3c2402fe1ee49bd394031b22f2dae353730d91d72eba84af506a;CA
22cfde8bc7a63597025fc1d1c808479540a34cc299ae8fe1a2644f69fb8377f2;CA
e65ef012fe1347b36d11191de114f4989af748bc3d02c503e96e262a03406469;CA
e31d2bb65e6419253aea773ddad5d09415640eb45eb766eb9e9a2049b72c54db;CA
0a9b7d00028844ba19046e4af64db80f1db47e9adcf581dbc0c3cd0fb18a55ba;CA
84ee9a7fa4aab9942731933e77ec109e808eeea8b520cbff257f6ecec5429497;CA
27a3314cb3dfbf7f1aa8ef09a3e2c1958fd521b8c2753ce68c93bf6a3cc5eb5a;CA
ef1a4a9803e1b8442a251e088f1347203424c0d1972820e0f3476c91e83236f7;IP
b56b384f0ef543c8ff1abbbdfd4769547b4a61f9b00afabfbe6e0fe2e2f9c18f;CA
3fb99297a2474aac96cb80d6801a7abbeff1819a3c6edde49390236d02401106;IP
00633a547823dd158af4ab74e63ff392121465a7db631a03cc0600447aec31ff;IP
6fbc43e08bf2bd235d8c0f9d114570fc4e4b2491efa3a02b0e37746330447693;IP
46c1e6af6f9d7e1578389d8672cf8934171996c7ca01c3839e34124afc3e92e6;CA
6bf7936b1ef0059b385cdd94a2774a7b51e98c6dfd6b7fbe247f77e10b880e8a;CA
ffd3aa808fd102321bd827f6b4f75ae7e2dbb46fa5b4536f463e3ca09e8be0de;CA
a51c46e69f74a80b46df73f3725ab4b5c448a5d88077c950e88e79b565230998;CA
48f1f345ef36453eec3bf6d2208430837e7481a44982ca3a4f43680d1928854b;IP
c29038c0976bc86ee527f3932650a84ced65ee5fd657c43eed05a3cccd125a40;CA
3bfdc1487eca8ce35e354ec9f8e4cd5678eeec97ef5f70b962bb601a3ad7f4c9;IP
8be2043213013a979adbf84c8f36a3ed7ff4ec893e81cd12fdb8ce8f60b398e4;IP
cad5e00e4d3acad9f3eb1e026cae9a0c3c17b4aa86184c8354cfe287a97ff04e;CA
30fe5d734fe755b00d2f37cfbcdbcbe75674d45393d1bbe025cc582612bba7e3;CA
e77684178909a3e17977b8fe25b545b63c7aedd0a3c118839f30fcbd1de907f7;CA
23382cb799c9ef5dbaecc3593245ae493231b1f9fc9c712a99aa4dbbb4585dca;CA
fcb5af2bcdc221347d0d4673a2880bde637a3b192445527356da0f9def4b75db;CA
d4f741e9b788dfc13e45b00d2ff5cded515725cbab0d110e5598cccd10c7860b;IP
8047cee4d99244170040b0a4b58426786ae0a64551205c9f9ee6c6fc9714e0a5;CA
346dfda054819dc8d7785d7f2d338cc4c4b2577b3c2e1a4a625e7ce09e74a06e;IP
9dc155da81dc656600845f9a2d3ebe8383e1e6be5d775af37223c46da81751ad;IP
da65c96f90b2f377082e9de4af814567e4648f2c6e5e4be981f017f72890bcb2;IP
27d010f849f3755194bc7d2538b5343db3a0d91c938421f398acd2bb10217d54;IP
657317168a015d67c1310f258187c011dc2c2dd5fb2f95d5042cccd2ab318eab;CA
a0fae3359ebf602a9763f008efc344055b7b63c0320d8804f6a1925ea7fec33d;IP
4e83db9ab4de0a108263e0cadf523abb66bdd713dc9d065127f71f954ede3fe1;CA
3b48a58d2d487f5f08b558ad6717b53e560e81602e6ecfdee0ad576b6f483222;IP
dd04563109e1f29a581c42a45f9842abfdb4d744090dd05909a0fcc94af10652;CA
04198606c7eac5ca96b8b68688f93ce1c095c5318ba46e671f92e06a6e290cff;CA
6c635f33ee75754ad12e943d34ec4331237e562fe1dfe9c640eed1c480ba6067;CA
593bcb65648cb0cd925374a2dfcaf63d8f6190baee454b1761f3e42e7a93fb8f;CA
0119924e22585b75a587f6bd5a04f62f495642e9f961035ee2d1a1eb68b858f1;CA
48f541d11dc715ddf81c435dae931958d9953da4040f750850d83ec14c2f21bd;CA
e3aeedaee6c5665aa8df85d151bebbb47945d0704465230dea423d50a2f24f55;IP
165092deb6f672d62d70dcfe471c20c86f94b3d8be35e8ec49d6440a21856a8f;CA
f8599947c09332ef5e99824a229a901b23395bf15d6323226ba215dcd925ad83;CA
092cd6e183e398489eaedc6f463502141b5ed227ae60614466513ae9d089364e;CA
e7475e581dae24faa0313297586cf155685674d350da4da010a076af6e27cf74;CA
d87e04cf8a54f0589535277231c47b367d6dc29df230653d55bb437506aa23ca;CA
ad6d3cb27e20cf4424d843277259e55b0e31902ae20728dfe6092e689baa076a;CA
377af98339f96d494a3c683426d54d37b1130d4821696557e64ebc89b1d9420f;CA
c569e3d437e70155d6626108586c33649b62b7fe05e9bfa49b7e3e163ab58a5d;CA
55609ecc1100eab2f79c6d27a0be6308c98df6ed788bf98e93064d17fe22d404;CA
de3ddbb3d77989744c1d87c922307dff05cc800ad9285eee12e86c6af8b8a8ff;CA
30286f7c6618a20abb07092db9007a02ef1feda8e9736522ff5156421fa4611b;CA
39559230d4854b414db12cfb2226f8c199c028ce2e2e38d7d2db351c8ae95892;CA
80a6dc2334dd05f28c80007f963bd5f71781622458adf43f24739ee9ccccb187;CA
ae6827635819175fc4eeec86e3c7dfbbf3bbabf6cb1d4b1988c1c3a7b8b5062f;CA
f2b6a6076a4dde2b569019908115a35f8881b668d44780eb9aa55766433e1530;CA
4a008d72b9e09dc8690bb025ded7a318cd2c32fe242325f85d77ce49b438d4da;CA
12482dd8e2af275913d6e472cbb88b57ef466ecab52812c34c823ed23beceeea;CA
e72bc1198a62f365bcea0e47633905f20b19544f9a8924bea3dbb91bea6e216d;CA
a28fbe3e34d2efefb3c551fd81093a612d390608af5566839de1e8b25279ff62;CA
dced6b62f77175f80579926e8186b7cc99ba7b9bb2880944223bca6964e43cde;CA
38e3ffb6a900dbf5bb402f9270e0e8ed80939c5a2fb2934599315cbe040ab672;CA
0c0a3da1495cef3affc6481aec13cbdbdbf0917a8bcf26c05ae4fe0d3ea51a92;IP
f4e32a206ff1b9dc3ff23c84e05d304494ad5fe8086465f74c38e96a07add387;CA
0d9e1ad079ff35e858f372631bfc84c38cfe2ac954b5ccb54dd1a24e376f8408;CA
daf9e2d758d90a474a70e22e1ad8121702d4a20788301b3f741d82fd1156c573;CA
8ceb015c7031369ae77fbf1ba2542e3dfd427ee5f5778c6d4a0ea32e10a0658c;IP
e02fa9ea249fdc02141bc38a87eaa9db38199a47b59ff516e4d1ee9f1e8a6af7;IP
707964eb7c9a8358c1aaff8912b1befe624f107fe484e8fdd2c79b1a558a7b90;CA
b3ff11398c77cf1b415bcfc76b1a821b3d8417b49d7989f9aea17c2af133fb3d;CA
8908fad2904941d53f7f1581a1deb03e2fc954aa485d9aca805bd439b2968d33;IP
64f938ee357210ed888b901e794ddd7f178cc49cd140ea465eeb8f1e36bcfd77;CA
869671df63fc8822927e89e571a992c831499c31b2aa14024c585e715d41feb5;CA
14212f1240a955fe65cc40edf59c2545473adf7ae2056a729e968a916afed687;CA
faf273ec01e25bc3f82dac669cdf553e802996aa0010796902c588dd16801899;IP
13ae44f36b8b0b39e0c90af7f3459ca9a6583e2f0dee957884378e03f0f82d0b;CA
f1e5a67203f7779c09cd905a5d3bf0cddab54669ff0a4fadfd82a48df9c7fb45;IP
067fcce0f9c113ffc949d0a6203d82c3d74f5b34b69f9523bb38b8d2385e6763;CA
6f400e7dd4d999f8ea5e5be642cffbf51fc47b34668cbfdb34ea89804cfae6ed;CA
ef267de39a66f87332aa2e281b192ba58914cef2effc7931a8e686822a95d8df;IP
78f031ad4c16a0a9adfb625dcbc1fa95de88ae85a729ebf426ad012ce933d9e3;CA
9fa5e16f606f1a886c6fff788db558d95998e78010c7fcc13a0f211f59ac9877;CA
b7a88e9e85a759d2f87177dd4d54e4c44a6721819885179b3f082d17e0c5367e;CA
a967ce01b9c4f7e7a5a469b94a0598c1bf1748cb24f6158c23cdc35850a80f2b;IP
5577fbb7d0053f984ae4229afe1ce23442f5429e2cb0800196a4194eaaddab32;CA
c0a7917baa47a21ebf223780508b03e24fececc065b61664cef176945c98619e;CA
ec7c6b044bb71998039b0dbf2634407f71d460e78bab2248292b6468f77b513d;CA
06d75a9c22ec217ee4ac254c87e00432f09d04cd6c01386e1c256634a137697c;CA
098690c473f935401c32ed3ad4227f6c535d94c5d40e5fef5e6a3936ba34a7ea;CA
9c250729dd4f52956e13e68597239992c72201acd4840182d474f0c382566091;CA
766e9b5759ab4dd521e18341a9cf00a2230f484a27381ae02759e1b79add011f;CA
cdf481785f3626c5f82dc592b441764782d5e5461639139360707e5da6a12968;CA
b546ccad7f53d4879ee5c945b3fcd6818254c059cb3506242e1bf6e051b896ed;IP
588a855924db1cdd46105c34c28de618390e83e595fd8f5262bbac1acedb12a6;CA
f95108d08f1994c2ca3bda64c7ac4aa14cafe14166120ccfdaf8cdd48d3642cc;CA
67004336008bfa87e11bab57796c07ae57a5e232242b84b6f859fdd0cd84c215;CA
0863f5d539ab5c954c17f6d4093fa22997daf87df4c87dafc67b42325b896cc5;CA
ac9c7321fe6e121b003e5ab5fc76a323ca68a264aed32a78b22bba099e26b542;CA
c7e1c1493e302bc602b8a38c94228a4868ceb5983bdd74473438a8fbcc28fe2b;CA
d2c4270f2505ecb141bcf882197cbfe0d1b66c3e041fa13450c2588f196e951b;IP
cbec31e762f2bac4dcec543a836bfc89dd352a283ffc3b4921c2c5ffb29ef261;CA
a187ab802f96b1f025dc2376143b16e37ea01728c54bfecd27003f3e6df90749;IP
8f2b8cf3a508a0a9ae0918bf4224ed81ea0dd342172f3dbf196aefa29c72c76b;CA
ebe96f84ffc339676de3fe70c51b440285cf23905a1742ac3fb8209fb97afc57;IP
87eb488baf778d7794d2e927959857c4088f17dd1bcdda23babaff96ba51cfc5;IP
86a129c03ad1384c16e64df21c309d2f970c186ece1d8cc96dbf6292d2eefec9;IP
d41d68688d03476cc6d0e1f349f9deca4e86b83eecbe23ba50980336648f5df0;IP
cae3f63cb20b822b8029334c59ce9c2c9d85035a3563960ac9eb32d67f19a58f;IP
b9712d5003c99068660986efa46862a2f09bed6e0d791f9e62435036eaad45f7;CA
80b6f63dada86d29ed2aa5d3963f8b183d64f0bd48ac2127a931cdb62ff618d8;IP
72bf2dae85b8fb89e61544c1c7584bcd8eafd63a53e101ab993a17352f50510a;CA
0a33aef6d1f02cdffe5b0786368d28dd2f0d955c96fec3ef488e3d4bd31d9c6f;CA
57ce2e5126368296ecee87394a4d42d9658812f6b2becea0888460d6394f4e5f;CA
1b8b9788d0fb2cf02166398c2f31206b1b3d8f16ed071c977711d2718c7459d4;CA
860c23e2091fa58408d17d3258d4a3528dfa466baf8977d676bc3b3af8011d0a;IP
40715407398f1af9ccca7e35c96701424a73b72233d7772c1c6748cc2f937bb8;CA
82b935eb0f1233bd9aed09e14d7404e15ff57f3f76bb76cc3d0a68253eb096f7;IP
b1deafcbf2dd1385aae902169c78c2b69d7c399a47e3310ac5dadb65dbe2c6b0;IP
632fcbe107084dc10edd21010542d3db4bfe8f0c19f2ebb0e9cd3a294af2fe9a;IP
451e7eec4322450c62d25ab99f945db5a8fe48cc5ebd9eb7b4a091f454b57122;IP
667ea5e6b54f0399cb0802c5c31a29e19a484ccf209b109190666f0c7f3f597b;CA
def09dcc0aead8f4728e5c424897a5005af6801d20b469fcf6db0c7aa3ceeeac;IP
04580c0528935d6977deb7c7a920f0b7013e2bf9d7a3c5e0854d9d70611f204e;IP
6c5eb10d5ded7706c70ef199d405015182edfff8ebf54ff7dc4dae6802ff7d3b;CA
a4b99a26477674af550ac31e5bf5074f03e0b708e1a3158c6d98d780e4d8538b;IP
9c73c16b7816da92fa6072ac6a50ac91f8660abc46349c9919b5ae6798aad8ac;CA
de50863a3076346692168c4a2a049d99d99eaac3020052b3324df95f56f2653b;CA
c3cdb1a1b0f412cc101951416283cd21899480bb369ec67a6d31d09be02d5c7a;IP
dd97bca8a5879438f7fd498c961e766c0457c46e7af85a44a10a42e258bc2259;CA
4bfec2edaab84cfc43b309a1970355776b0f1b07191c33961bce47c4a204b190;CA
0bc461836dd34695a545dbcae1a1c46548708c9edffbcb9196aefa15af3fdc50;IP
596c12c032882ae7d043e9dfb8036a42b66c998690d0d6509234f3c3c980b36d;IP
0000debf08863e8d9d6148bf34e31cc127cff81f129c9862d4de068742ded2e9;CA
d6955cca41f76367e79cc91e854b149c2c6135ba6dd78d11596ff79e0eafece1;IP
c9edde04955b5b235582ead2e4f9b0ef47e8133a2a44ea7ae0bc7ade9dcdeb99;IP
449c0c011d5abad0894e2ce74cd3ecbb729657051e388b96df5aaed8fc09cde0;CA
1fa2b83680d2df6b6aa426306d4faadb550ef9012f758704cabf9018afe62d20;CA
c3b4dd9c42a58597836c7e73049d723c88a895589b03aa8af58f9daddc59701a;IP
f3b7a5e7ecd7481a3c28383300189b6229dc323ba8779e5648e155e28eebf719;CA
502fc225cac93953ab20182c6054aaa0bd23a3b86a6f23c236322dd9694c8832;CA
966aec106dfca64b434e1b3394c226708d10e8e5cbc88f1edb66669cb9b9d5e2;CA
d6d975a138ac077653c3ced9f530d7200bf66aab780ea67a31e337a4b6a68472;CA
25935b57645200b4443680a3f36a5ca82abd933c87f94d8ffb7b9cefbeb01ccf;IP
744be4138a297bc957e944086f8c494744af37aca606391808bc120365a2b99a;IP
63bae05f343a28fe5b46b660a307110418e9e14be4b84a1dbf4833260b4a40a5;IP
b9de2c515a6b89d2622fb69ab98054a76909dee8d617d54af9a167ad06a5f2b9;IP
9bc1a5a3d6197b679a4b353b477399f601d7b9b433121dee6d85f7fcf3be24a2;CA
e14d4e53b60f800550eb594b377b8c65943baad1ffc9df7e32e0e70d4585a1d0;CA
3ca98a5f8fcea25c567a584ee15da91e5cd89e2f696923660a116005ff9a0b02;IP
4fb8fd23ce662c2a7f4960bed4e60222471d7630869ccbc34b6cf5a378bdd8c5;IP
ad9f59858bf020bc89c99b3d4d0ef0e12ed1517163828de2d39e0b0f46d6ed70;IP
42b9cd6151af1635e2e4ffb30d771810758c3dc065bdd1815a3eace808c17174;CA
623b31e8d978381b503b027dfebbe17f70fe284f0a00436058176b80076185b1;IP
30bc2bf5229917338c67ba116733469fa0306e4eef58867e2bc94b284ada8f5b;CA
e513425290ee441dfb73edf267d7d8504ff0ff2be5d65d2d18fdb3ce22bb7145;IP
ba531494c313990f08c182446bc298b8c8099aae095925ee36ee1effebe00d98;CA
7192ecbc10888a995fad27d32672a8e404564244e15d583edc31fcc6514b1015;IP
7d87b6eb0c5d62da17d1db3c7a7018925d4ec11403dc9e10c25155b2544ff246;IP
4596e77148c00f785802c6cc78010ef90cac2818dc0cd676111aee79faa93b95;IP
04ab9d5d8c7be21081d8ca1f7104709d22c982b290e18d5f3bfb11c030954cc5;CA
aa7344153dd655f67d440fbbf60b97d4402ef99cb8f61595882761b9296a7181;IP
54efa63cb082eb15abc744fa14ef14c4ec2ef489d7d44ca1da266ea784cfa35a;IP
fecccf88d7dd5594ed93e30d6a85583f69d6a7ba32443ea599696cf494d64a15;IP
aafae1596239168a73fb69926f81675d87f5b214c9a41dc69c20ade6c5ee7120;CA
484d581621f2bd41e4fe45ef6905a94ad4dbcfb41d3707960874261ba7785583;IP
4ded21a295638dd6f6082543c46e96d291a08bc6f3a8d7d1f067fda76b70b8d6;CA
746f130bbd3093c5c265e0f3d8b27ed481b29b7abe473b6b25817b124135c6cd;IP
f4d2d47a9d17629ce6d70cee9e6be9cb78af46eff3fccebb3c383ccd04c288e1;CA
5773d6eb541435f9760df400cc5f45383ed99afb8f92ebd695d515b6936452b5;IP
1aa135ce46ec5b9d6a500d687b9d9cdc572babee42e43a1a7becc5171b64cdaa;IP
84344538e9785506ed2775ba4f4bea8e62ef58506e32138d7fd515a577403a5e;IP
d4793ec0bf4d074c065e4b9f2abdd9be1ef4e5c3f11d8efe00eba72ee74a3591;IP
b40866f16e31c91534112924bfa59e735a974c51e049d287c18832a9dd57fe81;CA
e5f807443066c532e6a98478988c874ddfb3e95e8e3b38c04431e01ead1a87b2;IP
9b29fb9c7b51319911b2232c7c2e23d7e592317b7d2e577c0543f9510e8f559f;IP
1f1f193fdd18747222a9d328f25a50385414ec0ebffc5d886ca60a72c9038363;IP
b296b74db170a3f35445501647089a4f25774df4689da6742360c2e4a0aaeed2;IP
7251ae96392ebe66adeaeeb40c608795e415de6c586aece4d8c02dae3648bb91;CA
e0437aa42fec6516aebf90f66f33d912e45f718f1fbbe736ba2622150812fff3;CA
9b8003e85a2cce2514c0e4f878a67a383f531391ef082c5e413aa9e614bf56a6;CA
aa955ae7fa20f64ce619f3e743b75d7ab014f3257dc047535fb38966b6fbcb1d;IP
c81da41d2181b84c489e27a02f5c7f0ba575f43a7497b57edbd84d98ee8a5073;CA
c4c4722b9c8472a606f59577f50c49d474d4483a9387e1966492acd3c3234def;CA
c138b1f336a1382994f9bffad3390bf20da54abcd55c95ab0127e0747923435a;IP
86e2b262c4364d45dc37781ca88608c9964b1f00f1d767a6eecdb11a868558ca;IP
780cb912381fafe18f85bdd58f5033644ae20b7129936b27c3030e8593b88148;CA
8318415b9fac03888116e1f331e29764e3b5444819dd3d4b610381f3849098c1;IP
4c6f915d5dee9b7778b27b3af9bff6ed7235d181d6f4b5bdf543ee485a3fabfe;CA
1cbd1306e032fe871b7797008a8e213cc7d4f38032fb6c1bfd28e813475a6a5e;IP
e19ea9ffe3f046ac9fe1ab9bec0da061c7cf4f21d768703c3b94d69dbdfbb74b;CA
a25a22e209bbf7cec5e38e51c413351c69419819a947ba168b7f787407d7925b;CA
86628d48099359a35f0efdd917ded9bdb6feb551dec379869340890d22cb525d;CA
930106cbd037a4bddd87d364bd8787c707bddeef5fda3f1553464089662ad77d;CA
e619bbf69918a44871358f31bb1df532bc862f7bcc556da6d84c155edb6496d8;CA
44dd7f7309482abbeda1fc00290963a24472faa01d80ef6f1498ddb545f48b09;CA
43a1fd82fe84479e8a26370a63cd4be3ec3ca8bde48eeb1bd34ff38ef40bd32b;CA
5061af72f94aaea143c62f73e0a4ea76bdbfc43ce22a1182f5983b2fc02a8a23;CA
d53c14eb2e6999af961195e56abb7bf819203b87679b13702b3b0307f7701fe3;IP
6d1011302b6daa8fb15a874cd3ac22126e5aeddd5ff372daf325e8eb96fd5ef2;CA
d0878bfae846a4076b0c16f19f99e9a4fbfaa0151e539b995855d80b4f3a22df;CA
f7a404ca22bf576928b81a40e94836ab01a1555dde19f4473e956e7c494d1228;CA
6250fb83751bde1748a5c0547df7206c2808ec25f4e7320d208a3a8d66d00645;CA
af512de390d8969c0490136c7852adcb44c894243e525e443456e90f716e3f7d;CA
1892f1489d5c88dadc756bc6ca8dd23584098f2c8efb8f8254f32e3edb9e4ea4;CA
b138dad4b3f773eb7787d839ea17b3e9986ea3836bc4ab5f2e40d4dfcd32dd5e;IP
f3889a5e0ac92ec2db3bf7b7cadcf99c5fbb790e6a09be9df926d58089c05c77;CA
298e1c52a4bea53d9237218c073fd6111c1f933ced9c76945bf29c74fc972d58;CA
61177b4f5c57f7eea32ae7d122c7c419e2c8e65dd332472286e42f34a2ae079a;IP
14bd7e6002e0de7e7f26275701fda226770a2e86d4c0f573c8673c3cc7804d90;CA
ddab1a41f28498f5bc9eb7e1302c76dfa58bdc83576bbb1520a2f2e2a425c332;IP
222dd89c2aaf86b1218c6a3d89ed1d1c078c1de4b67eae7de4794366ec659958;CA
d991c672951686184d2727a145381231cfb28e78055a5781dc8cdcdd67f55be6;IP
4b15286875c0e041dccf5502b007702b98e23547a65f82c72279565ec14827e9;IP
9b3d363f1b9144ce8c3442bd69c99ad458ce36c0827b0e6d96e5a72b351953c4;CA
8d8771b4798da0925f66802887c6fc6ec61e4de49f900a9addf9d731796a3f2f;IP
ce7972ce0b8103291e720023e40bbff04a8170a39841f24ef7993b94f848272a;IP
79691dabe0fac97ee9831434886855d282f78b52e45d246e24ae913dcb35c101;IP
043ceda6ff777e5d176d128d47dccca1c66afdee323eb0de4c6f17a8cd9c90a2;IP
c152a7a0b1d649051fe076f6e26fcc243fd2dfdfef2ac658e34015a3aa2e508f;CA
3ea45e250971c46d5ab72cb12fb19f43ec8519ead12eeacfd81c7c3f8f9bce63;CA
b07aeca8786f91670801d00ef3e8808c427e9fba686209dc123e67ffe1277fe7;IP
dfafe95a7b1e4d21b565abd5b84485b1fa29036b7a815e8cad0005bc5bf0d4d4;IP
b90bce249a6cf00f95c8b8a7fadd5979e1e8ade2a7e9b2c13201d6a1d824de9b;CA
afabc3bab35b3ed30a0b5fc5ba4765fe525d7c548456a5eed583a9f624e1a408;IP
7e3a34a6f590c3cb6198734e2e22e90e5272b1e7cb9325a80e54de9b57f31118;IP
ee89073a6ae0615226b06ace1acad82e26e6116af8813e944b2ed69899c4b74d;IP
ea0278e2e7d4ff082e681b07aa32fc6d742a6e1458862fe233863e4a4aae375b;IP
8a44bb20cf992d35be03e9f638e5ef2d7c146e9e5aa64419d8da547742f5d36e;CA
c9a4960b8fe261e25fa0edbe45cfd370ed100693e1a8988ba617b99a97cc75e0;IP
411451f844d01c34ae4e76be1a65a4fee3685c55e92cb02282a8fb4411b60aff;IP
282219251ab4d8d03db384e01c3605f61424140cbd86006cebe84dac203ecfb6;IP
0be2f8c3a588baaff3ec06ff1450e2a0f1e668e2b46fa71a57bb960ad872478f;IP
b26f0078a40c8f1eb1ac39a17a6f4ea83f471683e26e1e15c85abef109dd1409;IP
d0a85ed7bcb810dd077e1558ff50cf8ff13d6f6ea4c0c87251dbecaff26151d6;IP
627ef7f0fc7c1a98edf2d7e18180a0bd500623bf3e2dc6640a61a8cd88754559;IP
043af02eba4bc669bf31ce8dc038f174a11a64075139836b380e42211bb241b4;IP
286d40010864442270c91f96b29ed2ccb0dedf14ee12dc3d5d88af9f9cc719fe;IP
b57045056b8c5db800935cd2be4c6980d78ed3041762a3f54664a7fff16a85f3;IP
15e52770ebef6110df6d740d40263c492eeea4fbc3852629b3ef4b3c3ece1fde;IP
69a090bdad95e49c15d95cf26ae08b5614920ba83421a83895b33d5bc5aa5c96;IP
b5f70d1c536a92aebd8e3d88693820851fc59e716cd92615384a2139ddbe89f7;IP
df0e499f22961f01cbdf2e74d69ac70ef8471aa517b6f1b6d0a9022b1dc3b1a8;CA
afd2e8095284c33de9c16ee59ff612389a561c9e59ac2e16696982876785f484;IP
3e53073b4192f135975fa982452e059661f9aa09c825b8227c1625837f3ffc30;CA
82c509c3bbee043ecce70f6447dae2d1ad9b99bb0dc8ea4e82645c11a4721074;CA
4815e4f093ed8d9a7955fd2efa679939d21af23ab0c9fe471d03c0cf69f472d0;IP
09db186757e771875eb9b22ea77e89d3cbd7587dd8165d711b4d92ca3367a9d9;IP
e7000e083d062240ceb3a652a5705d0b2ba8ba02445336b587f9529f76d76db8;IP
efa1949312a4ec334d2cfc811ff915a60d1038a0f07f2010be5d4a25c097ca03;IP
7c9fadffdb4b08f73bea0ea884b2616660343ebe75540a0a9c9652a4783917e2;CA
7361b0812a419e7ce222f89819c55a938fd3207bf9c5515de3ecf9965aab3fcd;IP
27e44ed236ae43b43caf8c993584314b14baaa80e8d1f7fd8fd262f38295c2d8;IP
abd4925fa4763f48ea15e06a754294464ada26309ee4f7847178d7eff26d54e8;IP
b6b6bcd88a1872005ed644eb81cdd94a48721733cd95c7fa6672f460fb59742e;IP
0b891b74131eb9b66fc94327505e800cfa769c3e080a31d25d128923434570f3;CA
766aa9381b2d05671e4559620c4ab3d3db5f02ffc3995e5a580d4322f9a01d0d;IP
f53dfff8cec45d5266342a037859eda678871c13940e8808ddb3c410ff61856a;IP
f36fbec6ec8685c214880d8157ad66b2c22727fa10be12cb5e7389ee1e13a95e;IP
5a2043532543e6d8d2d47383fa0ce6959bd21820921a781cd9d27e1c5925839d;IP
61550b91a84ec78b083bbb61d96ad48d8f2b9e73bf037144956a51fea1b2723c;IP
039f6f150762d8f2135418a52a02022a1e72adb247516d1df84585ff11658974;IP
291b241982cd3e5fe835602bd50ce1ddb48738ffc54a10bce3c3df8140e70849;CA
2f4fe7611d39cb193a86d0a873e5b0d822cefe75cfe42b242642f23578ac03d6;IP
a9e4b2acaf41dc8892b0d26f9e8850529acbfaa4765a9c865597eb2ff11ff8eb;CA
3934c11647ea86f6d44bde5f42636afe5911b6d5e65ee17163c88a132596161b;IP
e8fd31494ff6b0a747bd5eb3f75bbfbf31496842a156edd93d266215dc7cef08;IP
6bec0ea427143baa2579f4665a014a14251977e687530dd590dc1fa6f6a1ebe0;IP
df8db3ecf54bdd13adfc0606cdbd5f4d8b9fbdbbc67e275a7c434a842aa481f5;IP
75ab812e0991bf1956fb9fe457c5c579dd920415f2f6572dc8723be5e478750f;IP
c201360b8ff3f81c74a6677663e7549f015ad0917f9c7c99473abb7ec9896815;IP
003568394bee162dcbf6398636d11381fe181167d207dde79b68df80c51fbe79;IP
67f4d8525edcb24bb17d8db0d6c959036d7dce09daa125f249ab511f5642edaa;IP
6793faf764656c242a1cf675456d3dcf0b8c426f2bd2b5f7b101bb5935733a38;IP
e4f2d1488e35e43e5ce59dc3bca8b4788dcfe5ff5f6980324324e27b858a44f8;IP
fc512df91c653bdacb22edf0ec97fca1fc7175ae29db32b2a57e048f9cf3bdf2;IP
f2a2888209a693586b49ef1739fea2c554a6052a20a871469a3b1253f5c742db;IP
4bdbf0e5f6c79a13498cb5a59f9920c8706816999d122fe0accaaaf088ccb574;IP
dc102db44f35f35e9af3f4aaffc9885176eb054686d267343736c624e1d743b9;CA
265622b1f2273d33688f5c1623c46b3ef2e9dd5a6554c59a3ef46a618ccf712f;IP
92c38ce071f3c1d5d82d96d3aa007f7b7202ed0468f248ffedc3c0020517692e;CA
c7058349b5e3adef5bda37ae819d15badb2e08f635a8cbf91287e9bc6028dee6;CA
801c6841a743755392a88c8d19c0b4424ae149bae63fb56bfacb18940aa3c121;CA
0039f3811aacd667a7a527bc806278a66ad43766d83c854d54e22191f2761351;IP
13b6bf342ed057ee2338399f6edb5623b41b107366ea0563dae74937edad23ab;CA
be93011f1ec83d090f4d4264ee4779571ea278085b53c2d002dd075429c33065;CA
817c90a8ca316a259c2ed01952f4a315eb683cae40937505af5bbb08bc2b837a;IP
95ca34c41c92d108ae73ce3caba60cc358713e163860fa11108b50c622d4f57b;IP
a29e0e720d1e65fee60aec2880a869806888896fc4bc66a4dcb7747a021ab989;IP
41179409a6d6a1e3a3169abc1ed387daad6a4d74e12122659e2ddfb8d93ef92b;IP
0aebdcefb08bcade3640af03757912105c314b3ac0580e4acff03c58676b381f;CA
5fd9b1b2397952cc06d395b0c335fccd4ccb94272ee0e4a86227cd7f2aaa9906;IP
b4418b73be46f27117974ad5515e9d8726140bbf9819652eb6d2d2ff7f9e25a1;IP
c68b1835c365ead384cc9c4b6366f59191f818efa49ef1b60d946909eb660b87;IP
9df083991b3e6fc3d9855edad15eab51c5c7bc8d2026a2eeb9a8424fba3ea059;CA
8d9e280fae06ea2daf9e0e80fdd480aa97f4fe56bc68d4f7d816d750721382a9;IP
9fe534b9ff53ed442bc4145a3b41191a2fa76d75234e608a539c8aaef5250667;IP
762c39660af27ce9c856a7d50c559147f46dadb9b9827d6aa0cd8c978f06a79d;CA
c2c853182f73c7778a543297cc7738d138385f70ab61f94b7a8241217020d6f2;CA
a27573c034614f4ffa2b300f032317a23de2ceb4098f1c9454eeb2099e2a43e6;IP
1a06811697461fa10e7cf9e3d3d7fa4f2e73d619f964313fcc9588be98452660;CA
2cdd4a29bf72b13f6ea669598cae8609aba378cf4f6519f323340e9838619b55;IP
72671f8533f33dd2ebd3eef53b75072bb7232bd7f38c7392d1111c93334f78f6;IP
4be3a0217a4b88373910ddd9e0008f8d0c03c489294b1e671bbf9acde1dbeb1f;IP
df248c564e4c979c35244df5aea5058f9f8f6fffd65dc7a75f3da0cda9b51b3b;IP
f8e43e12d028858154fb5340fa706eeed42293f67fc6c9441c2f77ae60a923e8;CA
4bc3d41d42b8b7a20d9b8802f96155e40221bd1c1eebf168885207f73667af76;CA
077d95a5507713c47e41425f3b962f5f8bcd84f1a09cc7cf2be8f76bfab08af3;IP
b39f48b29ef6f8d33bf761ca4d3d3c3619f0eb4b164e0f9415566d1c07f01e09;CA
279fac2a63ba6592b1331396db36a288b2b7302d53ae3547312978490995c90a;CA
5c6cb0054f04d3774797b886dfe9fcd3083a891f8da00c28f506f4d91014dcdb;IP
c120e251d739a4ac8c3f7e37c33b8a80c3308acc95788a2a7bd2c160eb4e6ff2;CA
ea49ba597f899b34313b658c5b5c8a9d1f302718445e6c13d6692db2b61ca59d;CA
9ed4f7c430b9d61b413efbdf978eac27ae7175a5ac47403f3e897d8857b1368a;CA
da6d552fb4068c4183f143f6e0afe9d4e7175b3bb1b2b31f91e25d89427fbeed;CA
4f82116598fec311723176f5c913a278e0561f07fc5ff1d555cd31d5386aa013;CA
39f199c54ee273c8cf9a86aed1c0a2a0c5dc2d470f62eb09596435e436e35f9c;CA
4eb357bff8450331d6fa75a9057cc1e5273d2d2277331102b5f18fb3e43a6afd;CA
99bd08c0ef6eb25493c54535b0a8f01d29a4b2cce45bc0abc1f8a9edab440d8d;CA
4ec759e0dc41713c9a72c497565627ab71d332c3035938f8b6c23815405f6ca5;CA
39d5ba8a3acdc143218ea03bff68adef7a8f617a921c68d217436e714794f4a3;IP
1f4b26ab4b523eadf9bb4b4b08ed4e536b44c310c721d4868080f8ad4ba39a77;CA
cc304460db02bcc52cf16c73892eb03dd60d7e94884c5526fd3d2b1a4cabef16;IP
ebc179e384d68e8a8c442b0f86c8d22acb7d94c71a63ef868f969d907a739e6c;CA
de2c234e0f9b154524bf91c373478e5f7218582193d84c36e21858e596a2684e;CA
800672e339dccb9d6490b43435618e12b7a4966d79ce820b3e278a1071d05e2e;CA
72d6f8bbe7f002b93f7d562c6b79fc5557dc456667c9153028cc053b53468040;CA
7544ae6e3a58242f273840865e2a2cfd9610b49c3dbf1708067b9e0f77323fdc;CA
18a8ae09cde83657c2ff3df25590735f6cc025e938c22b1324edb35fc8ce017b;IP
d1af67db7f0338130295f79daa71e3c111bcf7d69bfc9bff7042d4234c37363f;IP
4f10731193fc0bf0815ae4f8db74846e008ec661ec60f0707a8d95b05b56d4ac;IP
4e0fd01b820206479d1ddeb538f5f367c7b1fc6227c01acc456785530f666bff;CA
78962c7b61d2fbe43a358f75f81a10a3cbfc504b594b676497bab926182122f7;CA
83706a94de4fe618b11c32783086ceb0556d7eaa40ce2b2ab890592e6927bda4;CA
48ce8510d2fdd0ca9a0ed61dfc6c8bf72a108ab529f11f17bc83f00ca58bb7ac;CA
ea4869b53b16e2991552756cd1170c555b4e64b3a964f1ee0702b3c49518652a;IP
3cf0acf748f3f863dc493ceb51e2c45a1a213c9fe0725ab4c59302fe50f4155d;CA
035d2f9611a0c61d4b701aad86fd449bbab429aea2c4c552bd085409aeeb6061;IP
fc83d09e36e7a1cdb918054e892b2a220f71b2476c79e939c8c6022727b09b4c;IP
783ef2ab16056837a4ccd0d86629bb14e0af3f6086ff41c31a70454ddd056587;IP
7eb552cc0b30f59a6cf53db1f2d5e628ba364a098a710fb1d7af33149d7963e6;CA
dcd71e69ec2014e1e17869c29134dea5d98e67a7e477071bea082079d847beb9;IP
7c4c2b7267659b915f46ac0b48486bd897d2432178df863689920d464c85339c;CA
6b68a423b3800db658e0b901d70fb0743e0cadfcc6ac7a4d97ca8dd99c1cd4f3;IP
581e7770071e1ab9fbe2fd1bffdf7da268c14a6efd4c8972ef426557299bab64;IP
951076583cba6647a987c6d59ec6787ef4ded8f6d04204eb98d47cbcefbb4eac;IP
660632e2e106ad60129014dd91d72e833decaf7832f9e843a8661d9d939dd255;CA
7a523319f9a940c45114ead164804fe2dd0dd070b8d7e949642129da27d70078;IP
15f3bda00741cada4758950c05546d493ecef55580ea5a5af57fe25f835beb1b;CA
095b550193c504340ea06b0d2aad637471306eee441135700c9b7afc9fc1ce56;CA
265ce164b396ad2564ef805db2bfe9ebaaed697b0aeb3c1997e42927fda2da4d;IP
784f8f4b34c81c0b720d4b42c899ba72841763560c05c7a3240f104e935ac4f0;CA
c2e14ae5919e59ee5f14dfc03700233253929c056881ab7e2f0cfd75239b3363;CA
b63e176d906ac47dacbb7449cf0d34be8def575ac2389a39e805bea063404601;IP
048c5f7adc47afa1d2798a4431fb5bcaf014271b995be0d44b5b71ff34ae0c5c;IP
333c527f694b191ca9da57c4d6ddf3c6274a63804aabfc8f9e28dd14eb511f7b;CA
9b08c1719244798bf213b95de12b7153b99e1738bc961c2bd169334913942ecd;CA
450785faf6c3de4f7283279bbb642d57d6a8b642a0eb8ab8b10e11faa40d02e7;CA
e90a9806430f66a2627bd23f47cc89b2b359f09680b358bb483dc3cb4fc6ae44;IP
f809641f139532a303d0e72f5a4d6047671473014162b9e4e86e5601883c50d2;IP
e24a032699accd5a1b7b812e58dd19696e39f7360fa02a51da69c6be4c729150;CA
22286757d2793989be417c0385ddc56ebdaf8f8b78eaf71fcc2200f4256cfee6;CA
d96094e7bf20873261761e234137606422771b2705f14318fb34adb99b5493f2;IP
4c1d15eb17fe5fc9bbf69d221e3a9bf85878779cb9794f68806b1248d173ecd1;IP
0b387cda074362b4c50ca03a95b22f4b5d213246ce47ec5c685fcda187213d77;CA
2160c620382020fb9f8b8fa092809ca6a1508d093b013c6b512848a4ac322cfc;CA
c7b92b2ee0e26b9591fa03a37722c876ee200050ded24b06d1936bfa899e46aa;CA
071ace2dcf6f5f6bce9161657060c96ffaad287bded0ea1ed1eb7feec8a8f339;IP
db58e8e319df85e04f0e909d8d3fa789fa1427dd065cf83a728b959efb9e9e43;IP
fcdff3825a5d4624993c2d385a06b3de68cbeed9fe182795ee81b29d4cdc2bb6;CA
4801a8f8a31385f8fb929e87912a9de1c69295dd68a373def64f8fae0bff44ea;CA
2c289e489b4dc9d10a58b64d156079239813a1b253e8b24b4e148b4328db80ec;CA
747bd804c974d10900522a0909b05489a396696afbe9a2ac2490e79a99dba2e7;CA
9a33279cbf7747643fc0ef37dddc889126706f29517836e3ab3f83e3ca1014e0;CA
a3dc68df9767ed55f7d97e4b99811518a27da42489930dcd2657ecb2fca80677;CA
1a2af49e31aecde422a3421aa2b0108f10a4a2e07d0c5d4db0cda6b9c81d00a2;IP
84c2776741fd90ac19f098a37f071ccb81b5dee27dabb705e95a185a3478d273;CA
e0a9788199e43ea92e84ec1642dc49669d28012c3d47cb7716f6be25007b77b6;IP
f52ce159e1424197fa5e1547b06abe673b3b3cb220196fffbb8fd0dce74ade90;CA
99ce3f2187f47f97aa2cfd18ad7e389d9231a5a49e4c7356b9fadf87f4ce8e96;CA
7f13778c9d3e7cb5d3b440253d3bd804dfe21d1f88d6cb51f6719483e024310e;IP
4310e5489fbd8d9ba88532f22ecdf8b2b7c371d92b525918b2fe85c6ae4c6eab;IP
c325dea687d2f865b897af7b438585024711007390fce19c1fc0a7ea5ec978c0;CA
22cae38acfd28e59e156230aa2f0f096454b32b85b78dd28cdc05a9a27694a92;CA
1b992df4d713beb9dbbbc91993cd0c7db54614c62958384fdb9f3b7159115b83;CA
d5371bf9b09ca1c2bf63e325e1f9176c473642ba069247af71ce391588d1138b;CA
63f45d11cdd63e6032ec36f251860e549a1297b73279619139be0d6db5c39ff7;CA
2620cc5ce6c10544e5990b3cd8e196ab4f6b1228657426e13cfb0945cfc856b4;IP
24d7f722c7693adea11d07d8b45287b4430cf451531973c259e73bc347391513;CA
78a70997b2825ed55d6bb61cecf3ab2f8cb8d35e6b4ce075ae3952ccc3675308;IP
6bef07971c386f0070d841c20224015ae49e8e744ca0c2aa631849ca12f4ed5a;CA
caeecfa95e1f97d0752483252ac6d07d19cec85d8c565ea18525941a200adc46;CA
3e5ed742e2f6532b631929a8220574c4a68d36fd4f23d346eed210af030cec01;CA
381886f6dde315ca4765f011863dff49a26c454635538aed541fd7d71a5e0674;CA
73bb2051ce159423b51437fcef4cf7f0ccfcd9ad3fb8d3f0901a168223beb064;CA
72cad4344232d80b781a19b4e9b73ef7125527b6e145ebdfe53d896d4619ec04;IP
7bf40b6f5f9e18381b8bb40cfb8c00fdcefa643ed6ffffbf7013fb229069741d;IP
d512477229891b8b27713d00a42c9b1818f279bd965f108c398b8eef635bbadd;IP
4a22027eebd048f86ac568314642f5c24c4eca910f8828e53061a3181ac37575;CA
1a48c27e13c8bd623f0b778da72a35568b1eb59cd1507dfbf6188f2e4a1813ec;CA
6f43c21d9a63b862c2bf6fb863cc87a221ed389124aca846aac836991c9988ab;IP
a7affb801c8b751301d99659a6f0d1dbe8683156b63ceae9f128931ddb4b1d17;CA
da14c1810238865e504d969aef0ab01ebb9bd034348f37ba10c93c2da547c061;CA
1a72be1da4ab08398244be25d5deaece16e2015f442b8226c977f3b51e5fbab4;CA
ee7c320973e9e5262ce75b7f72f2f762f04139f28e5bed4d7b2c1cd89d74584f;IP
4a55e10ca69fc60376420146d72fecb875a40f8c4d1a4b45e667a91336bceb4a;CA
e715c21d8be9b3393bd2c8debe00e9ae2d26f7dedd5973e4b504e96af931e4b1;CA
db4a98bf41673e37f91a3b11c00df0b7b849ce214f5e71f8bd9bbf3484630b1f;IP
b268e68a55414721eeae58d0773416b4b60ceafb7d6f7ab64f09a00a30046bee;CA
443f241f56ec7f576886521ab91a34ea59c4d61514c2ef6803dab2afce6aa9ec;CA
9c83b479ed5172183fc078a8282ddcd0eca58229aa509c10ae9bb805be090226;IP
5cb0ac48e03fd097185c3894e181c8604946142844374a25edf09c2f900a57f3;IP
bc0a106d5eb862f55db1549238091917a633bd396f10bc82f81840e41dda6a92;CA
846d68ac4584d76bc9a3d03029b8911ca47a337e24daf9e089057d896deaecb6;CA
4e92aa06290fdc61c8ec838272d792c50be0833a7bd233709edda14afe677824;CA
6050c26123aa994064184658eb63cceca05e82db036c53e7e3cea334ac7355f6;IP
af1e349f10bd1ce91208f8070b7742187eb2ed064d90340aaa0b2db6c4450e4c;IP
b7bfd858192543d0ee62368aa375afe46bd032e82b3ec67dd523b9ce19e20a60;IP
b4c4031aca9e6a369f7b54546856726cf9646bb543a06c0c16ff786c0d48ee02;CA
4dd7995d48077d3353c51365a9ef47e6da1495af8c866c123d629e7e3d4cbfc3;CA
e874ccbad8d930a8166224dda45cf88ab19747cf3989f400457cee3c2a37b4ca;IP
39337d2cb6c456cd8ccb24a2868638cf4130bd2ea831b80d13e0ac824919648c;CA
2da8cea0cc4835f8b8d3c4d9ab668bb78698661aedd121f146749fecb365826b;IP
019240034d1ef02b50d5301343224e658a73b6ad4cac179002a90b2002ee7fa6;IP
eac53836cc95b759d94b0ed62290d72781e4187329594e5b4172c108bdb1b4c6;CA
51da767f3807ee3fbbb051f388cdf1be7def5aaf4ba5783c9ab38cbdb0c4f795;CA
a20e4df7b96defc53f865d3d6152763862fbe21515530e4bfbc646ae53ca66fe;CA
4645547d866b6e1d056bbf0291d9d8ffbf5fe351214958d32a4f2b823df7e291;IP
b4903afdff62af170c32144c2cf1f10ebca398f91f7c2c59ead72815855ce791;IP
5ff579d0f9732c9139fb741458d88b39b7006e231abe2d1e4af5522d71ccaac5;IP
fbf0d7f5495b2092c3a2db6ae98ead5ea86e127f81068d347c2d980ecfbcbed8;IP
a3cf2b2ccf7d8be2446af48350bb9fc9067c3e2c86cdbfc918c163839eba85aa;CA
5236180d6efb30919a7097f2c514e100e1c90319fbef0e6ea0b335e68aae146d;IP
1a198a161fccde8a5725a64fbbf017fd138b755e6dc72c24267e1a18c12ced70;CA
99f5150f5aeeadbc80d5a8ff8a697fd889498dea30101ad032023e67caf3fa5d;CA
e4465d8d24d178a121081aa5fb37664fd98ba997a4b0c763ccdf0809e8e06d78;CA
77328cd4a29c3f260059f5e46a4ede3510f1734a7a916e6b83e1b900634eef4c;IP
2c590059ccf2794c3b28ce56b52983ad7ee891144711c3d76e0e37af04b30c66;CA
0fee3babe290e09737d87d181d5e48a8bacc3e052a20f56a8b6a4e77bfb8bc21;IP
1a3cb9379bb15227ddc522df6c631700f09961eab85a79f25bebec44d870028b;CA
4d8ee7f3aae8852989b7910a769da20e3d79c804229fbbd79c642167c23d4a4c;IP
bb9f6775657409ff4c05c3187a8655e6a83491ae654a1b0605807331e02c2296;CA
d1e171bcc2d9a104e0944d476dd85edfcdf9f3206074f2a91320df1b5a2916ab;CA
a9c3f0de2171d4e1c0cad8695f45dd939ee68bc88c008fd18d6ee071f0915483;IP
76ca8b8f1ba16416bfa19931c6e2c8b404c63f1e47ed5ca1a329a9240a1b0651;IP
007d0cd8a90f187525e7fa6fca7708b735fb9db06579cac5285987adf56c3ee9;CA
d746c06c881b9699156e905293c0f0bcb6b18255ffc61cacf142315c02e63d38;IP
1966f979e75b82256a6b7ac02b0dc2a781db91ca455f4a8770be7e84806586e6;IP
f461e84b60f8d48397871a6ecb0c9c85dc652460bc5679dea96a9625cd544915;CA
d388f89b5ba1186f028649f83358f4af1fd5c762a72e70e98f88aaaf1885034e;CA
7b999c289363caf9ebe2006162f912f852bc0f12e68021d733504714982b1f64;CA
a921ba62ed1bb4592229e1ff9db26992e53d43dbd1f5e6816a652e49e03da248;IP
abc5ac6803be51a6927ed326f971e64d3f374132e32c2c658faab16dac9065ed;IP
e0fa2a3d181d40e968da8d3611d383c634ccf0cc1f82c30664f10ef826982a25;CA
a829dfaa1daa48e85264354c3583f41ee31d4bff6ed30142b6cd7a3e0f35be4e;IP
a16ee97abff7192c7794e4f87348650d30c5e174ae2530888932bd9a11def50b;CA
07c9e228d9cca19915a3c0d04d9f3c1c34cb78a389d53b01ee77d6b30cfa91d8;CA
8341f5d098a721d6619cc7e7a37c6710a37f43192f616b8be9e16290b2444943;IP
06f1ed6c0001ef8e572ce6d0c2cd2f87efba58c5dd10633b671fccd6e16c35e3;IP
cfeae8584fba973723f8bde3fd2839fdda2a8643bbd8eefffa12341feb53b8c0;IP
94682bf083d195374e661de1df23b29e6c4a5f2f9dc7b57cc1ccc181ebc97aa9;IP
8564c3d53b68d79d61dd66ff9d225e982268a1d54b4904dda2fe83b7fb780e26;IP
6a6a89f9f55912f96398421df17694ed7ef5cb10e8dc5f187a689ee2850f5678;IP
f75f010fb32fc48b224e33889bf5194fa222b6360feca55cf14d5eed327a9bab;IP
90879a6d0cc494a50a18ee293e8ea96fe55e69f072202c6beb42695465ab8623;CA
19d2637ff019961879cd9e50fe14914e3259d233e26dacac6db52b655ff24d84;IP
36a8a5d72785b273cf14a9207dcc77c6cdb88e293f89a67add3061adbdacddbf;IP
d1f9d31871080601ee33bf929f4ed3115b00fa52d4779b580dc7bfcaf5c226af;IP
df110e1baaa17b082e4c90c73d9981557ccba50443ae857179498e99c3a35de1;IP
72676a481618591393f55e301afd78aee4c587473f718902c660f025e4554bff;IP
51fbffec219894ed2a25e05a38ba34bc7aee02510f217681e5151b18dc89103a;CA
47182ba465b198cbbf83507fe36b876c2839832a41e8f62183c1b144e99e5046;IP
60e942295bfaedf4f812b5f9fca3a442d6045f75bdfe8610da76236e0a7073aa;IP
5101ad190c42a34199cd33c686709a832276b811fb393dd801da52bf92ddd322;IP
e13d1c8f0c7bc0eed54e6647d775d4879d30e7fcb3692a88b79615a1fa8d1395;IP
4e480c9a4b3abc04b34b22cab2efdcb3fd39c642e79cb04779656f0bf1a39746;IP
9eb12459701f5f465bbd05a03afe99d88fd8fec3c0b32f792bc1e4725cbcece2;IP
9bb4d9e371c1ed4a5be9beabaf9c6a9616700a739ec1ab9c52ffe7b697022de5;IP
3ab72fb9152f21e3f0d99b18fd546fd98a6c990d168f8b7b4d18bb134cb130ef;IP
306ba728d7bc7402b0259b317126b7acdc45a1c4c7baf45d43d53285d1c687fe;IP
ba4853498487bebc7028e220aa8a9d0c37f4959024fbfea6f4002dcba24565ac;IP
a7a57205faa0d4105e8eaf6b6a94495a6453a37f6828ccb5cdfee31b3bbf6069;IP
c59f5ba09ea4e879f81bbb9caa33abe1b52a490dcb4fc82c2ce7f1a09e19c56b;IP
e7031936203f9544a0ef07eb697c7d8f16a32a0094f2d92d3626a75bfa519fd6;IP
b7a3c3d1083f136b7ab861ef526a14f0381f370141278bd5547dce2e5f97215f;IP
0c3341bb065f66d50dee68ed3323e67e82f68ed0003dfaf73d3aa6cb3378dd50;CA
6f900564e6f035daaff5fd8c7e20fb3c8f5677997b2322461d51cc4ac28abeb9;IP
483cf3a79ea5cee11f77a606ceb6bcd27057b7612d10ccaba9176ef4ef8dbdbe;IP
19d08ea0498cb5fea93fdf9909fb90828f4289491c733749cffeaf4c2fb5f41f;IP
5a7a6e631b62def56c5cdf042e5a1a621718eb29de80e02019be7afdb000843f;CA
28bb435a3e6fe3673c25820f741a86d8f8f8e84478f1e1955afff2ca54426051;IP
44e301b6391af57c1053ca1cba6f2b82be6648d6e1667d6079f58e6c3e370e24;IP
dad8e3865bb0f0c5489ded58137b8d12d1b6e70f115da48deeab3a8c9a9f6c63;IP
4c0ddc80e2f85004beb4ff96cabbc96b1e8dc9ba4ef2799edf92f00b80989917;IP
98fca8dc9c37c1c1fccf560e74627655ed6a5857bab9f241896ddb0dc00675f9;IP
edacc87c9df3e1c63ea5fb9a96bbee0d404f65412c3af460cd5192a9f967ca78;IP
46a9969a8452f41c0f417a11054ea9c596a77fa4e2ccfd1e775098205623f94c;IP
6b0c35972fc30ae8f061c0dc5f144a824a9d54538f8f0333395fde60f1fa381e;IP
5a19cee2bc3c95563a1a9966a6f8f5dd91f424b572cd9db891248adc2c1d2812;CA
dbf92f896370f64ddb11269264f70bfef04018950b1bb107331bcf62508c1e36;IP
9f904b6260d28bb77bcc8509964eeb14253587b21c89153194e7283a00fda8c6;IP
0b1fd18b2267042e031c25d553b88cb59bff72c056a070cb6a5924ddaba0f6ce;IP
7642a7532155649ff669dda1bae760d27d5c4699cdbee940ea2324dbb50ad197;IP
85c4b2c6ea40a326dee0d43e73712d460eafe2bf1c4cc9e113d9843727d702b6;IP
265c5fe115485ae4e74eb5095fbe91b1a18bf1369d203e49e042788309b0ee05;IP
361c81ff5e297c4ac2644d64fe8cf87cbf515fee4d55e2b529b080edd0156e9b;IP
dd7e7c0a121b95394708fc0e7ab8c4bf56105eae476aeeb48f2f70a72a4fc83e;IP
8351dde46b71e20945a546385f894d5586bf5b43639dd8b5c640598105704418;IP
5e303a33be23cb2cd06593acb1ab1a39b7f8d3f6be8d5be7de700ce58e6f1971;CA
623cff24e39d288601534cc48420ee60e1d4d9eef8ec6a0d665e5a1e1855533d;IP
1fcdb8877dcdcb7f2cd2b5c94a6e6e21ffcb81f47465c2eeb3f00af17e603aaf;IP
4cb7aa1f7c78aea172103b400059f372d6971e1b3782f1d3129617ea168e104a;IP
d80fd96bf11f4e30c8a4aae5ad3bcd8057eb15458cacbb7949230d9af63e87fc;CA
63428d75dcc5b59c72bfca3a70cd4be8ffd0603f34be94bd811b0aaddbf61301;IP
b97822b9e8e523044c09d6ed911168e959fdb17865d80e64106301294c52685c;IP
ed8a9be07af2bd0de51fed1d5c6800be94ac69928c7e439786239c83a8323fc5;CA
ffcb53ad7a163edc5a18c378fe34b0e1856bf4f6cdde38aaf110fee9f16fe8c3;IP
39d0d408b7377e8a2e4606ccf9cbb96b60cb223fcadbca4c70b6c6ff3ba0b63d;CA
eba279c12cf9a39035ae44918ac4d473ded32575669bf1f03b33daa625f24a69;IP
392e8616be47cd9f3bb374c763607cdbe15168fa5aa5e4dbe0758ddded44b56a;IP
81b87c5034118b635f9e1677d18cd4b56b5e7d577adb5fa0e81db6e420dec5d5;IP
11aa03f410a6d7680525a15e0088e5b81545e8d70ed99a5064c7061c7e768c8c;IP
cb3012287136f14561f512f903ce6b4b215854bdb7a4bd6a0658e4c2fd5fad19;IP
54c67e153439db733c3dc278d3f106f8ee4eb479613bf0708582f648aaddaef3;IP
b837f92b017a23ecd531620c1ee5815e3649ba4224199beb6faae46e66a499e8;IP
9b4f028aab0e4e3de90c677d0b0e8dfd6d34c4f26ea21ae0c2eb09d465a19dd8;IP
f56edafd70c27575dd4afb6ccb83b433c99ea47b430d5e8ec6767ff26ac14fd3;IP
ca3c9350a20a9beb91608bb9222c0b7957af7f7483a061109695d8926c87bf30;CA
d6e060e2d122de9a0ee359acfa393ad3064ef12e777b4cdfa79fda306b749238;IP
44e3a530f2d99d02df9c9fb247a9d74f51a3c8b89a0219dff91a6d4f75158c1a;CA
e22f69c01c991b05d358916d6d11a80006f4bad5a4aeded0f7786bf9f89ee722;IP
0b4e8f43d63f78b8952626b90782b793af3302bb4361c198981de662377849fa;IP
5779a2566179bdf27c4028da8dc6c009e4ef10277b130b411ae78ce7e9933284;CA
81d6645710cf7f981e62a2f75384118869c53de107647d72ca4d07cad706e053;IP
dd4a78e57c91e89aecb2c078ac80ffaa4569d788ff58e8fc15150fd6d5d8e90a;IP
e939905d9c1649c9fef788ecc0c6e8b56c8e6b8cefaab3c5f9301a64b521d32b;IP
826dba5a4f7e97585effd7d4116b7486286e1cfc477db28a2f946590c8490892;IP
00769357875ed64358a1af061a7b9e90ed0b2b6b06407dfda65a2a0e1f72750e;IP
c0605febc051a9148540640ea63cfe216ab68d743e410b8d5c031c259d5ce32b;IP
e6f4c8dd6cae17008c32637b76b95b16edd4063e17872e978399b3afb045ecf2;IP
0ec78dff1bb350c043686160577907a132cc30ff7388843c64a453d1a6d3a3a9;IP
39ab07d034054e628cbcd37bef294598f899285de83c6006d72cc9d43cf70056;IP
a65c969ac13d8eccc3ddb86e9db8b24a54e435f855b22e10ee141d435074ed03;IP
ccd0038dc0c68db22effe540828b4b4ba90b87831064440b7403c2a9dbb8fb7e;IP
134c64d2d15390a2d14274fa24718a9c3f9c65a2f4c4892e331b025cb7bc342f;IP
6ef6de231d93643a69267ef638bc7b9edb5fc014232f406c7ddde8d985d7f388;IP
5233337e126a71c0c4bab6474e3a5ba71b9454458753ec1e49e05d7410bdfdd5;IP
59852dee06b40f30b6c40aef43131369d25c51d1db685603f705473b6bafb824;CA
e5660d81a42c1464a390044efd58b4671d080035d2ccfa7210014cd6d4735aa7;IP
d9f7479843ab725fa423e653e1452a04189d3c22460b9b70d6d2b782aab8e9ac;IP
8c1622ced586e4cfe258a6a1aa87dcd84f746ed55d03a8667f940a262a8a2b12;IP
a5e1195651630a11aa50389924fe0b45dc7f31d9b975262bc4482d22973d715f;CA
f1acf7b650ec5fd609e288e88ad4e83d9bfc008c5fd8ee6c1d6ebb00f4e7416d;IP
28cec38b450d40d88d4a0e92239fbb277691a3c62d883b80a2128fa6986c1503;IP
1a0fb87bfb8fd5bcd801045c6862a2db530b8e84e8402997afd390202bfa2083;IP
3eefa1606149d7cf9039c58e87378a5290f0ddf9d13e299eaa830ffd228291a4;IP
3de555337fc0b86dcf8b13560e980f6d9ee91da720ef404a58dff42bbd91505e;CA
482a980d55ca262d41bd4a05a536c879d08a0e831a5a073ef2cfe35a9624ecfc;IP
582dacb70a889b84423bad4183dcf4dbdf6ec30f0b88aab09be9f88916f64e09;IP
e69cd09341440c4193d267a607cbfd99cd1c0f11702755720d4a72c5fb0e5eef;CA
343224c1444fac9cdb94192f039271bb9828982db72d38237f4793ec3856e5a3;IP
5bb4ec9684832bf37527284c7f82b1a19675cdeff194bf2dde78812fbdaecaf3;IP
21bfb33055f82f9f7e2321c5b5a0edbb3bcd14d78a51c88bc7ce65523f420846;IP
92ee8c0d4c2cfbeb7b76d95160b0c710632dc45d73a86a7cf9193834f07a8e1d;IP
3c407b7e978410dafc20aa608e069b45983ee059a22d06a0250d9b4d45d361e4;IP
eef4dae6157bca56b893419aceec111e90241c5e712b347fb9a8e516940266f8;IP
5bdf37ffb195542919616f65b57492c49147c7fd1cd724dbaab79b8c0db96546;IP
51150447ecf51250a08b0e73888df48c90bdb81d1cbfc6cb9a8bbe1178c8413a;IP
b3708f31a221af1a0f07ce75c90ea6dc9cd7e9f91fb8ea47e77d73267ebe0c58;IP
bb7d874f3f79d882a1ee4afa97f7fe15a552e20a9aa3c7b6320d4a475ae9efaf;IP
38e03e389b9103a110f50fcd33a31354533feab75b4259362285dee85d3775e8;CA
8a850f81368b53068ff0fff9f066e5fbe1f6e3a24186a8f517d15ec63b46a4ac;IP
67ce371c51ba41a2af076a00e602368981a043ad10eed7cb09fd37744a4c340a;IP
e1825bb411b4dfb9f4fd87a777738965f670b6e8771d09e655dcd8f1a802c9eb;IP
01eff82ecd24ba6665d380acac13e942ea97902cca76b527cee9db64fade9bc3;CA
26eadd70f75c135864f2209d39d9c3fa55aae123cae97bf5efc0ed372ce80788;IP
62614896e193f409824e061c212eaf62b699f2407fdb95523c4947c06a9ccd52;IP
81cdbd89d3bed97f0de43acc3f1d7be1394ae6e43628f98d2a97b84429089e09;IP
f3193bd61de982f62d14481b8a53c1f281bca77d48060f83182352430d26b2e1;IP
6cfe9e432d3637b5fc36324a1a3487b37eeb54f8e095b698f7c73055ee902cae;IP
9634a03489fecdc3e983ed9c25c0d48ba206dda8e1e29028ff800aba8a360439;IP
5a3202f9077f3e85763ff5cfce118f2917e43f956d3d3fc394b7b8be009c6bb3;IP
4840691091c2bcbc152edba7bbded28ef56e470add6a9d2ce66623a2225249c8;CA
89eee50cc51283d5aa614b7e98b9d1a234550c5b6b88fe585a43fb86cc828bd2;IP
a66f0013301a2792d3097dab1ae19c43142e7a4cb3cc23add6b54170eb5eaf5d;CA
6468ec09e849cec7a4f97d8eb6e53d363f7a5cd725a06fdcd9c074f8cdda06dc;IP
6f539f496a6e9ce0ece372418f9f175e737d51a3f77ad42ad68280c0b4fe8f8e;IP
cdaede57cc1de3cba639258a35103a8ef2bb19e0751032aca06204dbe5c0cfa0;IP
d16f273891b30fa0b7d4f7efb4f037e55b2e2ff51738da4c860fb0da7b841e4b;IP
d0d9cab5eeb0ec18e71c83cc2f5aa4b88a2b27252059396d887faf1d289b8c58;IP
4371fc9008b895980e9405ed9eeec8c9d9020fd9bee71bf154404c04a6a092c7;IP
1313fa792f6f7194cf06ec7a129e16c5a800420311c04d044abac4f0696b53f7;IP
e80894ccdceb8ec3bc47a410954085b5fbaef8529bf994822b994b0c64656cde;IP
1b9c2a2df9156538fbdc8e6f4da1f6acb494a303bfb4ffd5b1efa41b92438b0d;CA
2f2fb0c1c9953e22486526bf840ec120e880842e7db88d17e1fe6406859554c6;IP
fe757c2ed3416dafdba815d07b86a9162b70df5a1d3d460fcc84021722e946e3;CA
4a7ef62513f7d4f78840ddfcfc38ae5e570a8ddeaf1de9fba47bef3a22aa305f;IP
f4123fe6ce743e7ae1c71de4f924448d23bba0fae8f41d232945164ca58c81ae;IP
b7f8e3c5f56c6e67569df0ef24cdb5bce840051623538691340023d5ab1807df;IP
75a9baab221099025eee7a2850c03dde281c4c6b7f1785655d54b9ca0d6eec11;IP
46d5bd8c95a3360eba70e06be4ab619d5ad08a15d8f0d271d3af634314e02727;IP
7eb433d5bc3a5c7298541f76b45840cc51c3c627d811bcabf0e9ac88abf15a52;IP
8d5ffebe77675fc35f4134a9a5c77d46e5397083cb699e269045c1e5256cf88e;IP
89b6fce80ef565adefa0c9378cb1653454150fee3d2e7fb5db7f30f135bf34c9;IP
26e1d45bfc2bb4d2e2bbc952b33b45588a6ac025eb52783172fcbdba74156ad6;IP
420d4dc5b705df96f3d288a0e34c8eb073fbe52d92cce958678a28f4c8102358;IP
c8a93a9da094da2c556706bb32ec04c07ca34282607887ad5c61b8a77795f64f;IP
207feeeb65fc47e45da01d8fbca42e3c415d31bdcc652bc3a40de05090709c91;IP
69795eac0dc7933498089bcfd3675563a39064248f315efa23e5b60137ad2ff4;IP
4f350f1b72befa9c757dab71e4e43aa24a66da39388e765b045692736e09d416;IP
e58f5aa0bdf0a2aa37a9934c4cb9db86feec0dbf8f57964fde58a34acce51fce;IP
ba8a431e46011961fbc9cbb0b8441e2f8e823786c01ec3932b09389c53ee3ed7;IP
705e06dd899fffb0aacf46e57700b4f81732660ea3455666d2cb2c10a59370af;IP
df25d53b97e5899823315146b0be70065c14db4df98d31a1cdc0c783bcc0f1fc;IP
3f47536de7109fb5fe2342be194f61757899d9f6a93b0f2d33d1f2d043b17f68;IP
6e0dc8541fabd100e9859a7b778fd87a7525ce919daf83c2c4cd51e89bd8e1d3;IP
a62a63f6319b80c27937a67075f8634dbad0123d56f869ea21c4f45db039de6c;IP
f4a20e5776e945d064324eb74b66340852b1a53ae271dd655f89af2f70bda24e;IP
ee28d6c00b112056ba4d70311bdfda79f845b5c65907c6f547f84ba9d23267d5;IP
09040306cefc954d0bf2c91ae48ce24baa76b43c8e202b3c0478c1ac69e6b23a;IP
1187a736abe391280e83685ef7590c4f88d89b70ab97d0495e04402a9d4c00ab;IP
b2882b4c9bb967a901fbd19d2fa2e33979c69d15cfb51f1577ce70497d8da486;IP
d9e3dd621429559ae2f9b361b669165fc84f02241dbb45b85fb5d7072208e467;IP
b2468fab3852e1e4d196d16a8e84c93bff1e025b148f0030c3b71d78038711e3;IP
39155755822017037302680f43a3384658b0c737f9bb9bb933950c60ad1e1716;IP
2b94457dfc522830ccc3e26add2ca7dce7cdbcadc197a14ffef1d0dcbaac0de8;IP
018a0fb70f075782030ead330ab0c372b3553bf6320b89151fc2b80f50c40264;IP
7075eadce9c004fc3ae1228815c4fe6b7ecf8ec5b999c6825057498b9698114e;IP
a16ddefbd34c5c3a58f394db3217f40c16d54a9872a258c44fc31ee6a86f9a32;IP
c64e2ac47fd5556affa1b95512106162095028051e5f0333df73fead789b5d41;IP
6bb6e13620b0b157cc53146c30431a06fe971b5906063316adc3f2950009bb21;IP
4d88f6fdea44e36c0d71a420e1fae5917fd12ace3dbaf7691520628dc18a1a78;IP
bb0c0eda6b08af8d3e2e636204b948c9cfa099c96722ec26b05ed88b1e01cd49;IP
7d6e74af57fc1d86021ba05d2d0fa90d6626f7b6c24c950d7411e67f32f0321d;IP
e98d1ca4fbeadd4288c7b97197c152b3e9d4e08242fcac1c6edf825b0009f598;IP
f7e329e0b9a226c322a4b1c6c190e6849ce0dd21850be3fdd4be0db2fbb51441;IP
f9bff3a5f8976169e5369cfc2b3c09d77178ad387f62f83ddbd2ebe47c56c262;IP
8f3598567933760528552bca72cabf30561c6c24c1a2d811b66a72435dcdcbad;IP
13f42225cdf7aa223710cce2a1f1b0257fb831aa434195789c13621bbfa2e2ef;IP
afc8fc115b51a26f18980cae7cc0501b5e1dfb79876093a769bcfb9186c4ba84;IP
f2480c7c68f1332fa82edbaf6b651dbee7816517cd27fce5609425271db90da5;IP
d0ba8502c362bb74927781fdeadfc9694b06d35c86302596e12c1f6c8504f670;IP
94cc898cc68ac52315487c390073f8c0714fabbae035561b3643d1c88d16d701;IP
afcb1d68de94d578946f8360104bbbcc86133f9b00474d7885f54927f166027a;IP
fe52a1ba4678f32c91e616b545d8798961a70a50ba77aa228ce455bccd9e1f97;IP
81d0d2d881654b7332369c61e212987a88f1da701015563a5d01ccdea8946f1f;IP
bfe7f917d4bf0a5b876b7d1e13ebbddf30da35ec58b09a6b0fad58cd0b97ec6e;IP
1dc774475192d54944426f43453ff10d86836e4d369ff15969027f1feabd51eb;IP
11a093b36b675bbaa51dd732953cc3be05e39755c155e8da4709a342233c1d34;IP
fc66f38df789e97d24895649b8882ac465a732f4d4b221a73ce6723873f1a177;IP
1be29bb57dde29f9ff1a276e3217ad3ac22cc7eefe47a025989d0fccbaa649f4;IP
e34828b10796049572ababc2d98ad2288cda4ac517bc8985850b9c406d9d10a1;IP
557f15f85b8452a5c778f875eec7cc24f55500732ba67e491ccadb052ca34c96;IP
6838cbef75dc3c8ba71a5ef3784de146ef47235e2766a13ad1623c0186815033;IP
defc2acfbebd90ad00ab108e97a53b06c3bd9ed395511f45a1eb55f87c816120;IP
396e40f3e83245d227ab3b1f6bf564c6c4367bd0533b23cca58107500110d610;IP
ce4237d7722ae93f515b335416ce68299f1c167948d11d8ec5c490f31bc31944;IP
49727a36a415a9f7a14e16c85b4a75927443dbd947f352faf0c20366e2f94d53;IP
12388ae98f86c8c61a563ff1a75e931c1aed4408255367263c85651aa8cc7d4b;IP
b12380c04f62b8bbd4736334844a9bbba7cba0522b195745297fc57b15f0e617;IP
e145cd674a558aca543250502ee9edee9f45a4237de3c7010594ad844c2195c4;IP
07da67e234c938548218980fa8791b8ea0ba0037877510b4abd9544e7b013163;IP
b73115436b6261166163372247a202d2e1b6b958638717deacdd30fba9955f39;IP
01b0a7cedbbdbdb74fcd760a68b85802a97a8490cfac09a9f619049301db329c;IP
22c3cb51611294f76737c7e72e3944b78486fc0aa99137114e4d23dd01078720;IP
304c3d6ec0d0d85869c8016396e2da5cbd4d6df0af5ff1fbf40ba5d2654a60bf;IP
8a0a88dbad3ede31529963eb1e741ef07ba9759c15190759e7192b5f911ba7c5;IP
0ed8cc87a8b92a40fde2c27528663f8ec8db731b250f4e0909cd7172339b1f95;IP
212fa37f960a8fcd9cfdd864286166658c7a72f93c4a3852fd1d9f68f51959a2;IP
633b29f3206e166d89f14f2ec250167274213f14b860793108df5af4e8706bb4;IP
42763055d8b423165b2f0c7dbf6d9449d3d6e56fc05edd8876c5966e3ebc4050;IP
17d53103939b4e651ccdc31a937a4eb42f2ee53f2e1d1d67178396d5bee9bf18;IP
5a06d235757d0c1143334bd24e2d1e1126d49803b6eebe0404b9ab63c8a34740;IP
27aabcebf9fae5bccebc6cc8f054ebe8b2e54819cabc8cf9e494a8f19ab78e56;IP
a76a03ad972b619abcfdf9c7e1ce6ee7f6bb2801b5b787812d563be9635caebe;IP
0ea058b4c99889ba57aaaa8727011288baed6c8714429e4f3a3a9a7b6b5990d4;IP
f1b5342c1050b630289c9f3b025d657b4502eb4dae567d9ffc54b2743eff13d1;IP
5c1631ccf6bd91b9670b873b47c1b01db4160e52a806068a2faf167822a44234;IP
e1db04782d3946564082e9d4a403cac283e3e989f099d3840be4b4900694dcd6;IP
0e86ff6034e46ccf00f87d1e369ac688be7143c59bcfbbaa4e6ea3c0dbec2334;IP
f388826229d46771e70a03097f64c7c365cda79214f947e92d79befc6243af99;IP
d61435b273f65d7da24bd82c81b8dd02c72f00e758727c972ceb6ca624505a22;IP
99b07e7ca5a0efed355ae780a6e3a3006d913dee025967a6b9dd8aed4f565343;IP
ea38f74a7957b8d91ed9270f375f08841a45f596d964b7ae589878c217a761b1;IP
8272482af0f4c0d95b98aaf3f9214250ad94c924baaecc7b15e9d83d89d0bae1;IP
0dd21ff52ebe1d4d96881db35f3574251b2562203e8418008f270e70ba577195;IP
3eaffffc7259ff3415cd354fbc36799e9add2b858a509d148eba9880802936c0;IP
a98eab282207248bdb5dd83d3a9399b594a1c9485b9f4822df67e89a6c682714;IP
07f47075d1e20b9d1983c3da932b7404e9153b8528428f382834cfebd64e36ff;IP
1fcaaf013111558cbeaa86042db6eee0e0105a97173af1079ef765521288407f;IP
201dd5a7332cc7e909934ba92022a9bc1efc4bf8707a47d3ac08c85e9c0266fb;IP
4705bf0a343f813949f7bb908c1065ed172dc3e90d5a086600a13358deeae97e;IP
b16e56ce0254b8aa53ab75f9f87e8f42b5fd9bc26e6550ff8a2fc6168bd689f8;IP
7160adf6175c23e1160d497a829dfb67cf880ddf0f69f6063ed3bbbd89ffc143;IP
721d12b7c873de3fd7912cc90eea4dd22b9982b048e1fa95584b2a72bc35f497;IP
d5f94c4e8076ba646b773283161e96e60a03e69481f926d63650fcd8f9494c4d;IP
3365e1df9f09f254883a635d058f21719cab2bdf23985ae3834a92a6b7264102;IP
8d9122f2cfacc32344b514d3a6d99ef2ff50de3890ebe3cc7a360775d017ada0;IP
889dc874ef1ad19a696dde3069730724723fedd44d32ed99cb6a00c6a02b79d2;IP
8ed0db642bf79c0258d563a29f8063225fc8ccc6152242aeba2c0d03c0544a60;IP
607215038f739da9578de3b7a6b2cf8f3ad374258057c8d9b45203e0f886cae3;IP
692692d04287268e7af23f718cb02f46e18495387c4792b6030c2db85fa5d3cc;IP
081f6c7b64f33e11568311e4152ea9cd495fa043a6512a902e36805c068ab6fa;IP
965ea49dc58634137cee03650aa8a439fad8687e634007a4730e1cd59dda2c11;IP
0d21f1ebe2c76776bc117ce0026b84dfd1c98c033149d8d2198df114bf4e7b04;IP
f07f98b5e46e4a5c52ba7c6f57c5d6ef253730324ee66dedd92d2ff8b9879aa7;IP
5a553dd10138439c69e1fca74c8a054b9f7c7ec4bfe5afd053bbc9fc87107da7;IP
73f8a6030aa655dc58b95c1c755c6a0ef1839c3362e274f1396189fb605fe58a;IP
4010bbc771dfa8b087b4f32bf7891cb71861fad2cfeade12e4de53da7a3cccbd;IP
cd8e6d6a034e65634d4f1381459be0b6bcd3c274eab9b3132e46fff5655504d2;IP
249bc40b1ed1239b09bb112c7de4e0571096852c2eccb99d3b06095443a760d5;IP
6927de0367f6dd399c0294de65e84501a2a017724fff0762d4b5ad76f78cbf5d;IP
2525659312eda7bf7a66a5647d1a58d3a00b70167bd20d422f5ff34f230175b5;IP
0aa0b5beb2fa36e14bd892e7034a4ccceeea6eecd8e0426d687f6054141adf8d;IP
b22918cb616a8977699a27283ec88cfeb182ef540aa8f3b54c83f02d652bdad1;IP
eeddd3a5f89a04b8f17a2265d5de0718d4be8162427c5a1795d60c4f26a770a3;IP
632644d0c5525fdc432ee305c7b488bd28f6c7cb370c7edbfc87598cd03543ec;IP
42991fa1a0b24f71ad2de420819b3c61c6f5cabbf567ac3642a6a7ec8689bd06;IP
9360b6c456376f5bfa0b166d91f19102ad4ed474e862ac9de2876a526c0bcf0c;IP
eb06d92256e429ee331a84ca332120fe471ecf52e4562ddd1fdd74b62a39927f;IP
6bec483c3d6eadf2846c216a7bd4e8d32e9fcbca1a79584603d668a542c6051c;IP
9d2af63eb078b35fea6934e3650f65fcf45f59f095e1de520f2ace67785eb75e;IP
070da2599cfb76b1ec85e9b0b162cc7c084098143a092f19b3f567a8dfc1607f;IP
222a226835447ab87e34afe3285097fcf618556be67326fa8f6a00ce8adfe852;IP
b59cc8c201fd01c9558cc93b9e5df308cd45cbfda26c288dbfd24dc83c0d826a;IP
b3bd1e6931936f8f2a166dbc4111a565cfbf37e8cb06d05313212a04ff484d8f;IP
8c5a94c97237270746fa52690a7e4f21da09457c0f653a24d8663742a51f12c2;IP
f8bb3d9f07e59688d0704c65d1232a63f78a2c7ca97d200c3097cd6d06961202;IP
59cc6cead3371dc04e5b1a32c966022d74380cb4b2a4c54511e5b9e6ab50d52e;IP
3f249c741fc79f6952d31cafa14af88340e23b9ad37b9a774584cf19e0895101;IP
000705d87691a6023032ab543aca26edc3efa91480ba00392a7699534fc49352;IP
20acaa98ad0f26ded20304ba5636d6841ac502977f2e3a9c7908e80ffb0ed722;IP
174edaaa339607e771493e6e31c7a88904d9786d87515abdd4d1652d63543ee0;IP
96c904d746725a38d994c14b5ebfa936d9fee92e8f30c3abc4ee8277466b0dc7;IP
9697d0ee30d45a1740bd871b87876b97f45651c08c87646b6aad90b0ba925674;IP
2b0d7ae4cc2287095bf7a275db6d8cc852f245bf428514c74c79607867948090;IP
d682bdfa3b4f7961501ca7b6dd7fe76579ce685246dc32b2527a456de57306a4;IP
1e1ca590a2d8ffc87cbc4b4e6598848c20f671065fd455fa1c597bf454af1c07;IP
cf532267e5d8af500c4814c1ec52265594d7cd2571df208d4e0d6d5cf1c9a9bf;IP
53015abec4a47b3c9c93bbf9ca8d730c36986adca4f686c1a566075f5c668913;IP
fcc5f0c653cd6a9525562117d00a50da629c7ae173439a6dbf6f2f31c3902c3d;IP
70a6dbfffcb2c42d88f6ec463b251eb4c72d83b687750c5a13c93e897f2d9b04;IP
aacd2d0ecf4a23d9c3496992ef48d281add5f1de4c56471f9cf994f7e6021e65;IP
f19aff144f8855bd04995651b7a5146e100bd5faf3e47d58088896bff54e26c8;IP
f61dec97a6af659cf499d77aa854281f16f5cc77dcbcc3574aa9b6f3876b0a2f;IP
46336baa2b5c1c51ca9c7489e458169f37b90768c1e2b7f65ecee9120609fac7;IP
9458da92a639778c59d786505a739e4319d608d6ec34a8bfaa129de394e2d3ab;IP
6e5d130bdafc4e478f0f30b4130b5406029e4989a1e25e93f8736a4994c6ffcc;IP
b56a96e4999ed1af9ba2998dfa536ac66399f0f728141fafb21ada7037f8b179;IP
61f026a0084666bdefa9be2a30f0ae9d10a4605003f96d6de8525ed7e5a5cdb2;IP
6d4f201b94d3f1a5078f7fd665ae7c65fba67317da6cb649c048ebd0b39dadb1;IP
338e8f622b33e5b79ddf23a0fa8577f6ed66b53b9487ae0785443ed541e38d5c;IP
72a25aa650f1799f29740ebafe5f535fcaeaf2f10c6483f0073a9aeb10a4faab;IP
42286b1a64487f9d774e1bfbd5aabc7532ceae91ba9bb95794cc21b93cbc0009;IP
77fbddb0cbbcd12833d1317255fbd38c8befa53ecaf6fc1eac9d71ac16abc26c;IP
bb3da2ed351f92eaa070ef8d7bb371c1f7856d9528639d84bffbcebeb0e0d310;IP
d6371b066e5d603b1321017e91afe89f22251b1e5e22911692ec6c19cc9ada4c;IP
a08c7126381a082665071091ce9253a7d20bf8667ae1f9dba2380af2a39971e9;IP
0191b2e1214adaf850145dfcd1d95633745ee6a4afd68170180b8b9f08fbc4d6;IP
077d51fb14bc88cf5c93a025ae6a2d82f1afb409795c33e5af5665ede53f6575;IP
6ca1f43921b53b44356c1841b9cfbcc494e7f619ebc8f2b3041fbb167af81fc8;IP
5499c20ceb3d9ab6e9376bf3be8a5c8e8832b411fc288a9e20d297f69ed31911;IP
1626d74587cfe2736a6e7ce3bb1336cfadd609050c76ce1ecc1ae611038077e9;IP
aa6215826ea9d2621575d53d01b4537700056c1bdf51098ba7ab35e8df11096d;IP
5c6affacec90158012635202bb0486b7e3cfe4e609437f34c4ecaf8e26a6bc2a;CA
94c18044175537d24010faa4b6e0bff0a43e5470e4d4e324378609d51a004d56;IP
4f518df40978496646ce3de90b3c7d7ceb3867dad3562433ca8a520a08503e37;IP
3f80e5dff461fca9da5685f7898a7f93cb982207758570b2ec4a50d7e02153fd;IP
6dba879fde44b3963c60d382bff28a37fc0a99734ee01b36ffc8a59f8e442b9f;IP
72aee3957351d68bf6ac4d4530f82b348bb07a688dcc807e8270139b5fe14d42;IP
4451bfcaee62bf6c97b4b0237d5f2d718d5088820bd731d7d50a00d3125ea063;IP
d3edfb5a7adc6427e6ce65216d0ff62afdc11791b7c245f360d6eb4d42e26cb7;IP
b5e6a42fc827920aaca471c7228aaf239d1df4ce43f5243cbf77cac2c74ae5b6;IP
4de64d0b2a6b023531f37633e4d166fc19190dde1fb04ae2ec8a4b735f672e37;CA
f7ee6d23b184f51cc1559c2ec49aa2c354f5051a19e622f11b8469a3ba4368f2;IP
a2c87e8550a7a6c2ab7432f53553874be2baec42443352463c02f005e294ab10;IP
561e3b2588b62b0b855ec2a48472c1668d9301008bc5216de351d3e1e5330244;IP
67a5bfe46a11b75bca6cf6702c070dec8f1157049b82a0bdf23e521411f6a003;IP
db110cf25b0c189c539daa40b491a8b077b9f167d3c2845c0a96348b5420b3de;IP
be53f6631d5a8d8ec6c8a8040aced00f099c0b38d0638a32b372a3698906967a;IP
3c0321b8f61a53230caa9853b8c4b4f23c90f2a8a8e5a44a6bcabf353f55f4a4;IP
7fceb492c0c795fa83304fe442c2a085eac63330c2c9797368021c13b9345094;IP
2b7c4755f98eedf5f0c0e67042475bb0c5f97cc66a4f723b0d5f6363ac50e62e;IP
7f993bf33b2c93d863b472ae1ca88a20dc65dac511d103abed5edc8ae9b2260b;IP
ce7104b3b25399d94e277f89d2f4b1ed594a3bf5e4759da5c736536218ad6222;IP
88db21db86a370929d946aa58b33a3b46b6a5a3534bfd3575d5c3ea9e6e57b50;IP
2b27c720f0c6c172e9bcf004c487bffd91290fc12ae6fba905dab432b71aa9ad;IP
ce5bc5fb89ad60e05c98ba6b02347430d914c9c3f2e526e9ac8bb86f0c03eb09;IP
17e36ca5b0d20cdf68f59e735fbb5beb46912b187446ea08c63911475410e92a;IP
42027888f0e3ccba2eea7df3b223143073b3041ef24c8869936872d8980e5489;IP
aa03655ed8f09769a8080de7174792500befb864f82e0fa19c330d189bd1e36d;IP
c841df80efb55de0cda6389424f10822f104f5c647a4519f47bbf23378442abd;IP
df9794cb2f4cc71ebee8a96beab508819840e6d7b1be87493450dba6cdc937e6;CA
00e4df72a5fb5ebee2de3e5e32541165b43befcb95114ca1d5f336ad88af3113;IP
06ec59fe6f2ba51471cbe66cbdab55c961b0e47ed67d164103f840aaa48f4656;IP
0f70315c8de319d57af98d648596f01f2533bc5b6ef6b49e85d45591094767f3;IP
33c990ab47a1adf19153ecfe799ddb4f054e6d38819e43a4d077795e3b2ade1d;IP
9aab0d22e44fe88142371e6fc23d2dc500bef3d44dcd46b387115fe2d212c922;IP
0075cbae9539a5f3ae0d932b9e2bccb6066d74022270423dfe76a96ee4901490;IP
c81e612d1f558416057b919935b342b686f555b5efd2b014abebf1824e19b876;IP
f3383271760535f005a9874e85de109eb844b2f837ddeb699efda0f4ff72e570;IP
56c78be0477036ac8fa68b8d68b2ef527c7e33dfd402d0039c1a8979bd124031;IP
db778c205e49b4e36dc93ef6cab64cfd3e419064108c7638768594f2a0dba7e3;IP
44e8a5e6c572a4830f3440c6175dd12c6e7c85eb76185ab64af95835b9dd5259;IP
9237db6ce02e6c0b46dfb9339395d64d2e32c725413451ccaf46369f375b1e36;IP
8a172170e1d9ac2c6f94529681e0ab561e413f7a063200d83acd672a75dc2696;IP
26576bff77833b721fff8beefae16b81757a7edc218daa4583fccd0be261d460;IP
d9b3b9b2923bf255518b674c208a16cce1be2cf360a918d28d0b772c5295e922;IP
5a113ae107609066787dd5a84b9080c952897f78187e21e3e42b7c5cb6aa7de5;IP
020752e8ec4c76eb6c3e86e1863575faa4b749fbfe958dbd9896fd19759916dc;IP
efde83a1b5a30ca7a91be8768ad2ef6cb58a56d338fbf8f253abe6b24c0cf124;IP
deb242b28887a73f0bec020d545c2ee10e95933f015f3c9184fa3a97eda57c2b;IP
0a3788a49eecd654e30c80441af22010e8acb5e46a5c7abadcec8a33d08beb21;CA
7a40ea98d474d551576e0ecb38d0b0c56fe9a209f9bb09a14fa24fd161346650;IP
1dd20f149074239a5db8a0344b0ad4a0c3da83622d53ce86198ae3bc94548678;IP
50e1077472a4b99d6306b0e1562f2fe52825d26b66cadb4770c27f7697ac7ae8;CA
d0dfd6d10b7929add22bf0511d6d09e60d304eba21206b035ecabfe539eaf4c5;IP
dc8dbb99b5aae7f87fbdbd3d665eb219a6b7f69fe2afc7c6e1595852c5205e78;IP
cd1929832ec35a9eada66e79a1690f1687d9b65be60836e7c2146fefb44cb66d;IP
ec405f96988d74cf5ba32b0a2350c9fe5b700341d3d3b24efcdafdfbe3b053e7;IP
888aed686118936a9c01efd7e62f1867a73e1450b15aac3317328692d778c4b4;IP
688d67e5f0e69fb0447621dab2f3b193de094a27a9cdbea54ed314389ecb4ccd;IP
a13e28c14405d7cbfaad0458a2ba0b3613deef45f7f6d8d5b554ca897785f764;IP
1bc5b93cf70c782262850ccc1311afcf0bbef15c316c29aec6da8851fc20ec21;IP
36e428fc3811386331aa79a6a76a997e3477eac9d3c81c3e0ef23570d5348c6d;IP
d106ab19bf4759a85355ac79b5a567f7c7d440558fc0dc0e394b31388cfe32cd;IP
0fcc9366a5f0b2f8dbf2375ee6d69fefc037613d4ca72adb0a3d7cf68023eca9;IP
6ea46b2e5acd297ea3aa02d4dd246c512a6c857dfaf49c0930ba7711ea8672ad;IP
dbad10a6d08ccb9b4d32d5a0cb1f88ce9caec5e689e166e1870982d34ed19c06;CA
077141187dde0b35da572199b8dcf874d7c8f89cdc1d651e9e508bb4b826ba1e;IP
468b643699717101d66b8fb94515c1a95ecae7af231f4f564cd3e0994b8e6008;IP
04d069ca398f5ce181c1f8c61064bdec3329159680a6ef41fadf2f1b4e767f23;IP
b0a8976f20961dc4f2b53b15029b1c46f1d28aedb805362665ceff1324cd1730;CA
b549575a5b7f092e8fb4482332a4c2304ca8d847717009789ffaaf18146a7bad;IP
3f0bd9de6b7e9a024c835e86bdf7432d995bb4c8de73d214e0c2687458ee1444;IP
ee5eb2129c03dc468c3f63c05bc02f176a7617695099fba0f2853ea215902a3c;IP
8c97510de7db5e2d5e20f14653295b6cd6c020b2dc6f717ea318f8e9633eae19;IP
9ec2719267d25641eb7444b7860b172e32854e9d468b55c01e8ce567236fd9f0;IP
46befb50439d3589a06f3f66bbb01f6c9b849ac9ea41baec5012a5d1a15a8ab9;IP
0c39846817d9dbe2b5892867102a206c26391b6044b4389c7f0e0a4ad82f7a1a;IP
ff9c58661c343c2c5d44b0e98caaeb9e6e57d7ca837270baefa649437edf35d1;IP
bcb818b46d97c012a05d80cd2c23c5872b75083c254d1611dfa045208d50c6e3;IP
511ce65dfd54a643a423c943ddd6844f2bd7d5a7af471cb0bd030e27b9598e12;IP
b74a42e6f7c9b8790805bbed1f50b1b19a1a29c2e2996b601bac2cef3c75a6c3;IP
3d12f15b2c9906fde2e93769b7003ac3e42dd96232c3a20228dcb5000fb72da8;IP
760de507210af7fbed68bd54594d857407a7f28b38023807aaf3a58c4f0930b7;IP
9319002fc4b19336fda84a2ac82a5b3f72691115c3dc93247fff53af15803726;IP
115d36be491851467974a8689b8b75479514f01a3fce4f6c57c68a849e00cc99;IP
b45c060b0b7110e4d960bbdc42a3253925eb1dcb5879bdeb8691017cc049711c;IP
a344c22b953d5e9748aadc0c80bc550507ca2b5487bca40c7ac39ae9b55e475b;IP
1bd69c626bc7af4abbcaa074df6a53012d0b7017f28ff7a41c62e1ed2fd719f4;IP
3adfeaaccc28a9ebc115661d6647c9ec705778c9574025476a2348cceb2b414d;IP
814e790274b79c5a4489ae9c73c5254fb0d08d40dbe0153fd95296a4fd52e2c2;IP
b0e02bb81ad5078debb4b7a56a053daf2e34d3cab26c30dcdfe70de82da2f426;IP
31b33d2fe8bf76d0f9a5f257e899788afc5e35fd7107e85164085617911bcd11;IP
107ebaf02adb2d95e4bafaa759d4ea4000cf823d101b9dace212c2f651031a07;IP
7b8ecd74dfef444bdebf023e3a828abcf0c41114d62edb979151ba08dce1759f;IP
a109fdebdeb86ea6c671be6d19affc759349a24bdd187cb94e0ab2ac50af6b67;IP
4a2eb3f1819e5fae668c54b546b2453b338206c6bd05d2b28bfe8f154739a261;IP
bc656ec7a759fa515b8bd80d6d4724fdf74113765a3bdd64039d4d55cdc6a060;IP
eb66fa2a79eee0045258f1c42a3fd8ef857697473c3d803a938d0e9d10353b3f;IP
37552ec3c3764b1040fc0cf6a7768d9f07bb587d4be243eea479e427cd289b7b;IP
7a7c6eb2aa0e1117621c12b357369f6868d4ddc586db8039270c6f57a13b6aff;IP
656cefab466eab6b212572753057c94948e68fb80b57d53a840b393daa71a6b3;IP
a019c0ca4cfd096d4197a7319b95ca93e00d14daa59ff83e92ea620fc7d6a43b;IP
235358c102ba41d4dc26edb87f5c25fd76bb6bec9875435e400964bf10c1abf3;IP
0d4b29f3f979798f54afa012734870ffa60e819bb7b6f84d21aaa316e2a9a6dc;IP
dcb485eb73ed64784ed949949b526b27641295e7f73774253487bbfecdb7b2a3;IP
1b0e5d788ede27b90d60860cbf74faab0a1d873a9fae72cf7190f5aa2333c2d8;IP
ceac8a4390a0c81ad9d3b7f3f4429c1f5f6f20353e9feb5df20daa4920def066;IP
c9069a0145dae9b88c5d3a8b3a463594895d15c09b19b5f96a07135a42995fa1;IP
cc1934f95bb73cdfcc63ec2b1e0b8c981165bd0aee4256b0e83385244f4ac2ea;IP
ed338abaaee9bcfbcc38c198942c2e92ca515e8331b62b70454395f6b6f5c98d;IP
14ae0e07ffe224b1fbbfdffbf865fa4a6a98f16e3bc63c3f89d98d40e2544daf;IP
a1464796ad801b62d91826b3412d66647c1713ea814f16094102868e78bb6bf9;IP
09e114fdfce9284bad08e4cc38f2ae1c7d603acf059a18cd7f73b27ac370008a;IP
5f44da447d0db99f9be3edb1d9a48c62eb33ce714ae983214f8e1f9cdc40f6d6;IP
43b2fb1be9694b5da96a7afc91316ea806c991b1ca84e1c339b8c4cd8c898713;IP
09d7413350f156649c83096e4e9adb750170d0849938fc3b085f3a43fcf4eb92;CA
18632ac69a59c4c7338b1b234866aee8cf1b5c7858b7d5e732b01959849a6a2b;IP
eb888109f8c28dec5c63e8eaa4b3000843e5b63747b857680ffa44c6ac861622;IP
d180ff0696c2082ca5730c401be1091cacbd74a1213cc313918803466d1d4877;IP
a1556ab47614ac0197a489d9aabcde2295f5f4751729dabe7c7e0780fb05ad98;IP
8477d4cafaef2a9acfa38b821e7fb5d2d8c1e7229bda75626068fcaf68294501;IP
7f4837a972d16d4ce54826a646c2616d49e96540c43b6db26986d340acc69b90;IP
171caaa61732af16da68b73166efd2ce0c4f037400d2fab70f47f3f325c38b85;IP
66be705ea1df7c83e1f5324eafdcdcac17c77fb836eb2f1620a59e8a640c0457;IP
246d8976fd63c4ca210c7fe2a236d975effe30575439a5dcdd177767562f183b;IP
737af28db6f6e30136196a73ebff08fbb59e1e3926a68da7ca093892a90573fb;IP
9bc38ca03571cb0e44a24dd773a3216dec2a2468cd351d2fefd40b9d6a4b47d5;IP
e5cbe61b23c78b22463949aca3de959696925b443f99752739626162a4e03e53;IP
eb293a1a65481fbf7cfafd58502bcc12b2d5367fee9584ddd9c70a068f2fd442;IP
209583731684b09cec9df8307e25859f4cb96a5e1ccd5e949211ed0b7306f84f;IP
6d727d3fb6ac15d716ca2108ae1c49cad741fadfc820a5476224407323fb7c99;IP
073f8dbd75a9689262e50bbe490836cbe35183ea95c2c9511f5f7bea5d4d1092;IP
5b3659b56d3d1319f285c679ef1e10929327e006f4317566d18f4f310367d8bb;IP
f42ca4b494bc30f962bdf2a5a1a24c5d134ce4640859001418dcde6871397c7f;IP
61c37b78ebb416620e36d611423e36d080525b5e6a23a6e240e28f90a755ef7c;IP
97bc70b41d292660aeee0b9b1f4533c0316e4696511fc963c2f27d1e39045494;IP
73d55abba62a862b8b3f921ab4a7c37b14544eb935183092cc0e0aff8991549d;IP
edf68960c9d6dd3d580a9a4810d492edd22bb5f6013f26077d94486948452525;IP
e429480634cfac9877960356e6686eb1b5d4e96dd774f2cb4e562a5fe1ea18bd;IP
0abeca456b7bf3050743768656fc109d7ff95a8089fd948e0025c42e28045184;IP
3f1384074c8255fdbed5ed7b5e91a79baf0d5fa16dcdda37d716eab3f091af24;IP
8e14ae720805e4662d375e206773b9f83c4de096aeac54df94cd398e97dac6d8;IP
bbf6a4617d5c38f80109fc5d71adb8fad6a5d63c8db3ece9c5796959dfa50260;IP
aedd63362fb075f1550ad32fd45b4afcae87d00226160228d06bbad05db56425;IP
b00a9fb6cddc0c831decfb34528899d811c104b1af19db59a7cb15df08e44f88;IP
eb8104c2d3cbc897c6cf266904fc6b047875832478a3f3338a0e81f18a4c9b7f;IP
aabbc9cfb64e7e3d12e2167c3e5f781432af57e4d1a494216b2674e7c7b81833;IP
6f5de5ebd94c5a432089bc9fd2391bc99966006ffeda3d90819c0aff7d6df43c;IP
2f5814f49a5f42d8ca04cdcc78946a1b098bf379c20a85875e02f0dffa4b4b53;IP
63bbab2ac4edf70f7ed094d0b954eca3f57fae6fa2dca0e65bfa5a27801a464f;IP
56120320f441905b0e7d7eba6cb5462ef9a7f29e62a625b9150181bbc93ae219;IP
b685281ec304df728ff25cdeeff91099e9486be0aef5016e20a47d2e80c44a3f;IP
d8867cfa737977fd35efb53c6da1581d5661eb61bc52d750d917a663f269cf88;IP
a7a5fbd5abe664a55a0c7cb44c603480cb703fd77d33ed8185a36a059a2c6db9;IP
2f76b48efc90f4db3f6b7de2867231579b5a9cd2892d5bc3279d89b4d22a8c8a;IP
b9e8272d25896cbbe1ad6e9503f755ec6c718bf9b0632d2eba31888e1f248620;IP
f0b55cb4d2ee67e79cc10cfa64d705293550f45dbd7de3c7f9314fddf37271c1;IP
9de3357d092d30d00fda8516d04e69a3d9f2a025c04c2b0668a1d2725aed80f4;IP
93a3ba2d040b964742da5ce5f3d9dc4e023b0c473c909c4c1c56ff3f09f77c77;IP
a7cee02bcb82e8c2a928f5cf2e28993724ea183d5de70adcf8c4763fd910ec05;IP
c5cf7ca6e7afa3c582a579cf73a14375b157a6dc8d94163700dfb5e6717a4a58;IP
0e6281619ce30edb0b16d3cef4cae95ce87dea4081b27b356480cc0dee449891;IP
10e84dd8a116202b5c45b9977e62758cf15471822e4f9af6ec46ae9be363bda9;IP
7dc021fc5db4dffff34079ff75612a5ee0c3b3af95039f69d594c5c97577da92;IP
16e93188c06cd84cf223444f148cc613508f521e20fcc4c8fa6f9245198b8aa2;IP
fc7c12bffaaa118194610919eec65bbeab570a74a1cddb5273c5211a16ec89ed;IP
48dd2c5e341ccdb2ab296f2a00ed7335bd37df955539f9a219d7799ed1a90329;IP
0cacae8fc7966da31974809aa9b139bc163590f6149e5026a3ea4e836a3d272e;IP
3ac7940c9c428624171c33ac5741f593cbf8ab4cbce85996a1f11dd4c1a6feec;IP
59ae604dfabb471b0ed3cda79ac42d643006dc72407bce819eb94da110f740bb;IP
2a088e2b6d8c6e9a5fbc9c356d75100589a11ab47bc7134e9d7dc3acc87b5cf7;IP
8ea6827e6e6932e1b59b2cca1c60de3a9f7fa12071ec8d3b303231bbb83bec0a;IP
9357cf7b830b2a4df27ac22840654527025ae2318c032910286788e3288f4666;IP
128b7d3fb2685293db1e61a73edda1c3c8af0c0eefbca129e141f13fc62d0c3c;IP
2d395458e6537925566e916384c3257e11e540fdc27c0fe53f9a98ed80045315;IP
20894d2d6226e141e00b1e321d2db77de7b89911844b0840f08c0abf1ba7753b;IP
6179e3b92e4b24ac871e2017c72a31366b914c31e79485c266efefccfefd8bde;IP
5f15ab56f784770102e5ce6a816c98e2bdffe7088b72abaff990ac9b1eed361d;IP
0975efb538ce742e0d9c9af72433ab4a172403652ceabc07a7b075104ac3825d;IP
f77c8b8cf68737dcdbed762d9c8e585813b21901e633a8988aba05be784531b5;IP
9434e1bb68e2162581caf65f5e4a7d4b1313b892c89737f4e70d6b84bd6e2a77;IP
eb9f4212dd6912a3879347f756ab6a56ed83ca1c156f8f6b0cca3d04291c778a;IP
3ab865801fd9ba83ef9cf41f64619e2ce7858d9428f6378fe4e846d986a48d48;IP
a1c80122ea025567fddadc35061a3157f15865dde80e54b5623c023983ddb90d;IP
6d22c70fc7d750b036e15d1763f672f1d2ee12803a7681a9b7512d8381662550;IP
b6fe0ee108466cf8880415945cb32db5a660a9b75b09db3c72c8be72560d0b65;IP
ca735a0d1c5b2bcad10f7337a9c2f3d5a47b8c1eb4b8990e293ef5b6958fc6fb;IP
9f443a07e74a4a3e7cbd3d115ff51cc4d2dcae8604abcf27dca671ced1e37578;IP
ec281163663c550dbd90f6f555ca1a4d566edadbfd9939a64a926d3055e7eea6;IP
704693e6569aa0fb941c13967a1e54c1b6ceb648498def20ac262c77043c1a23;IP
8f34f41867b23041bfceaf192af10fdac0fce725c2549b226d63739024ecd0b8;IP
5c26ad2c35360b1dd55ff7df978f5004f1fa6a643c3e06b3d32e0536f4cdad47;IP
a64f638b8f1d4eaaa3cb6ddea20b23ed5b0096cc8edd841a799b0f622b573266;IP
9aa14e5973d65c943f46a9c7d220c6a858d1f0e0682a93c974df5764365dafcf;IP
277780ae843e36d5eee8bca6a691ea7f23036723dba805eaf2a3d3260ac354d2;IP
100dbff3e6a143bf96dee4a7b591bbef85635cccccdc138c672328ca0588c1bd;IP
3e1a61370b1101bb4db49c6749e87a30dd7abeca96bf0c465543baee7e646032;IP
4620b2026e1a1194cb6d66068c425cb077a06b9c079f6e6901c832ad209fc226;IP
b07cc211f07a8fc7d0117c57e511731ef8674926bf127141219b0d844390168f;IP
3a7a669dce6ecedf7f351d68c4373fc98eaa6cc2479a8804fbad84d61f5bf4f0;IP
59344186cfd3be79dbffc16e1ba2e258cb172f253370e13aa23e6b9e0135ce8f;IP
7936cdd83df01babd3ab028e230885a9f8be22f8b8cf20894facefbc5511926b;IP
3954faa7ed6e07d90b2d5c96ba645fe630b550025c8fc994a1fae473f4d2e6a2;IP
b307bdffb9360189baf1bc8b06698990f32354f769c512e47438a6618976b5ac;IP
6dcf7e2fc387feb19bb376fa195780d9ba73f60f22510aba677d907b25d6a423;IP
79becebf5722ca730278b714778e0c36737be388dca48f5086a77c48ef31535d;IP
2cf2958715d907cd14cae6cbef4348ef2e353eb92c3b236ea7a989c58a7f47c8;IP
7dbfa0c7948af8aca5b3342dec2847ce2073ea6ba088b14ac770a7c770cdc5db;IP
2963d454b4a5d1426ddce196e89bb7dd3197cef22023792763d3ae7b63b199a9;IP
d4b89f567f9da064e98df8321b70a4c07a1db50995ffb27f1fc23773c37164a9;IP
1bc1ccb42394e58d41284848dc61d5f1f8503decdcb52260c9e8e84aec5261d5;IP
2993c271232e97de6975514ae278ae8af304569b33c4c032e8d48dea3894759d;IP
d43e3970ab302052f53c711b4b05633bc66eca79b81d597e165c1ea828622d31;IP
44b1edccac35a7443a3ed7fdee0666e6fa8623ecdf2b8e90eb03f9a16fbba1bd;IP
a90e7394a654f390bb761e59d4a78126d1d104337655ac2e3d80facbff26fdcc;IP
e547e8ad743efce41dc5e7d7051feae96a20fb3e841d2f1723883ed40ab84116;IP
8ab86ce9271ebe1768aa6fe0be72e0de65fd3ba31ddd36eb18184862132e966d;IP
01aa350b152d832910c40f6440c04c5ace90e03993874ddd3d65cada1c7856f6;IP
f6f10245fad918b7a10a2ba5d07dee4326e23dbee715503cb5c82b59e0dd65a7;IP
9e5f22297b59f134806373e01e5c5b6e7c9e5eec07cf709b0b8e9722f379232b;IP
2b3e2d5171e01095b5fb907fa171e894ea5dea613b7f3c8ca0c9e74924d3e7a2;IP
3b82a69b71ca275ac1c8589729b41f40b665fbb2a7ca90794f329723eecd0d27;IP
610240a412af948ac64fbd5e4294ac4faa66ec053ce6f22b4f5bdfc5956b0d03;IP
2a2b7cbf3ffa6a1b9fbeb66ce90581439df5cfeaa24d507690bcf7a5573991de;IP
e4a8ae0f32c51fa900e8c8a5469f48d63a078090fbe676d800eec2763f33e45c;IP
8692aa041f368fc17807e5be8064afc6fadc49a3ee1ce4041428d692236c315e;IP
b45a7711253d31d7f44ecb382afcf0eccce0684f582219ce7d0e54e33c67f526;IP
a92c954537fbd94094b4f5fe7328315eafd589a130e28ff2016659c184aa8c0c;IP
554a596fb8b3c58b87084197360d7b0a4225c892c3adee84540f4bcb98bcd84d;IP
6ac19e31618a8f4cccb00b09d872ea1e2a3bb2a7d943e90c9e62775b5d245a69;IP
6ac39b1a401559fe21a70b51379ad36b32ce685fcd863d38365975202c1c0f3a;IP
0b7de5679400c5d1ee0867e4495df6e7f39fb765300018e04f0d2ad06fbf8adf;IP
24d08fef0bfc84ca874b79fe8f1a9030429025c855ff3c73816e924630b59815;IP
c1028589780a4f43f45c34eec55b8ba219e73794b502e6075f178b6a69f594be;IP
75569989855a26111e07dee695c0b06dd8a2ac1f45fa6e913fa6c3ff8f943aea;IP
6a5d106ef04fa82cd9bb79a14840e61ebb8f12d0cee038c482c914e36568e962;IP
3ba3458b17d79d4dde2d11b2b35fee210f1da6ccc5c4fb37ec1ba11fa337a82f;IP
6ad8a3c29942cf45f1acca95752dcb6fcc307fd12ab7ccb2d27441c6709a1384;IP
4b8367b8a947b099c02df806d22af7921d4472beb3f4d68cadee5b3839ebaad4;IP
323d6e19402b944a7b5785e9387c65d0fa1dbae85255b6b1b8040889e012fae0;IP
fd523089ae5fc97f42b183529217e3ec416f36c77daff8d2c7e7ea36f711f54e;IP
6661bbccdf6eca0b5f255758e4c39584e1d468cc982c4478129e9f9d18385c2e;IP
996be5672983e438e7f25fe803cd2dc888e15f1c81f0432208205f6dd7ad1998;IP
86232e481f26ab1df17b510e5d54be7dd8dd6ee5b1325d311d9ae21c8802dfef;IP
e3384d2798cf2509e8c0bf49a8d494b475841964d95b50a26adb446b10124e2b;IP
04251627b675455127d3503d1fe2ac1378e436a9a3ed7e47317107c3d7fa6b3c;IP
43269be8257e244575692673cd28cd7962d6eed7ec4247bcc61e2820c7df49d2;IP
05e2820f774db6c22c9ad749a80dca91d1bb7fa625e73f523bb2e871d20b8364;IP
d3d54cae0290e5d2790c1d42ef905e2828d3da267c997eb649584b8784aace1b;IP
fdf6116cf3604b5d45ea546fa7c3d01aabbb059cc9420cfe65534e21f56bc079;IP
aa60160c2e554c617366eb94dc4ca8cd5dc4cf8e60d6a1a0d15614908d5e582b;IP
568820a9961c3a01d9c1c90de9910489e2efb1c6b1fe2b7553af3c9e636ad762;IP
f0a2d8d212b8fbbb035efd1ef92c42c21fed8e2f02b4f3456d126ea617f3490c;IP
af7c401da79b46a1eab1064384b15ade4fb53b95974c829018d802133efee01f;IP
10b0da12592d58832fae26598295e4850f7a93dcb21bbeef39ffa3a5fcb257fc;IP
ef54fb931ad32e6e5d0914d52b2c1f237b497f9cd6c9bd394e3ef54ceb33005b;IP
e6ee9ce7b1832421f59e238992c8a1a7f1c361a320d121d308864be52575e660;IP
5add1e7ed30e1b8c92db22eb4784e8f4d94b0317d942108e99f4ccdc6085fba8;IP
1ed9a719c0f50f8af2324b06e45cbdf399b9a4428a740393a409963d8bb27fac;IP
6e6cf0e3cfc3729a1a1f15b4625af3057cf866510b859a32fca2e38fa6656a88;IP
2b4a2933a95d6fd4cd72e7eed8cab23efbe3a1cfebb2379ac1a0f28d33c26cf0;IP
18549b4dea7cfa1f54874f1b75c2293ea4da280045c955f4ef69399d34560a72;IP
04fa4214d3038b6cb4bd0f16ed9ed4b9b674b6b98e7c0078aab12eb66e484681;IP
fba928728fba0e25485902591c1b38e540eea62444c8e210ae2abb5ddf65c737;IP
af82520a2e57a97747d135975a7dd0e9b9d9af93b487d733de23026ac191f187;IP
5e44cd3b6d8dec2482f74131e9ee449093921e77db78e608ef4424934839828c;IP
f4d581bd64a7c123f98a83a0a0541ff2b0760c8247f48307adddcef9703a0884;IP
8dcc94265d73057768ad180e25b7f145afa23b43c6fa0451a34d0fd1c635de44;IP
96f7e87706d8a0f3a488ee2ebcb73392d3275753102e5e061c033f7500917735;IP
e97c267e82dedc0a4e8174c81a696000890d3765a8d0865282b7511a6c76b783;IP
1f25f7fbc9dbf8c6b0d866115d9295757a3e569a52769d9ec7fc22bd4db38308;IP
7fb42c8c1d4b1fe29014610bbe485fcb080d416d63def2fea2ba0418aad11f99;IP
a4e64a6741ac370d4845f8db0c71ceac7edf7e352c94f28be73355f06be9b92e;IP
0a02b7063946741ee8b8940ccbd6dcd238fe6e15224238073961445ec381bdb6;IP
7cf26160e33834ca0f83cc100a6fc66c74124ff251bc66814f6340b7307ddd56;IP
3ad26434396b69b9bbca7cd235fa09459a062a9cc15d4986005aebdb54d90e2f;IP
9fd96dd207e0a4c4a3143796b1a2b8190db9aad6be070d5024e5aa5878c9bc97;IP
5bea50854067e1bdece9b398e1179ef8ff5a763459784e7833cbbdb1c06c9a68;IP
33f5e724666a10fd75d7e440531510d7e512b29f669e9e7e679f9c73e99ed57a;IP
31f5661127cfef3375857ca2fe7ef5b0314894cb67c6db5a7aef57baba176af8;IP
0a9abcb0485efb1ac28f6d8e3e0cd634e59e2676279ffc87e08188c78c8a8d61;IP
4ba9c0f2cac4be61ee67b2675f34dd54d3b6dfa1242abe12d4cb063f5aba786c;IP
87bcbd289897317088b808b1313227d397be9d9cdf9a5aeba5742f9adf65f264;IP
5fa0980c0045c3fdbdd091a4dd759db6578daecaf2614dd745e7f00c03877d39;IP
